name;email;mobile;gender;birth_month;birth_day;birth_year;vat_number;obs_1;createdon
Veronica Martins;Veromartins16@gmail.com;+35915814100;f;9;16;1981;;;23/02/2022 19:31
Catarina Prata;catbprata@gmail.com;+351963160999;;;;0;;;21/03/2024 11:34
Rosmery;;+351920131488;f;;;0;;;25/03/2024 10:46
Rosa Mendes;rositamartins12@gmail.com;+351963768861;f;11;12;1949;;;25/03/2024 16:08
Luciana Costa;;+351914019106;f;;;0;;;25/03/2024 16:28
Jhongreily Barboza;Jhonni_18@hotmail.com;+351939276081;;;;0;;;25/03/2024 19:37
Victoria Viera;;+351912741259;f;2;16;2006;;;27/03/2024 09:58
Ana Paula Ramos;anapaularamos60@gmail.com;+351969565322;f;;;0;;;27/03/2024 12:50
teste teste;Teste@gmail.com;+351911111111;;;;0;;;
Glaysy;;+351928120695;f;;;0;;;03/04/2024 09:03
Lívia;;+351915382883;f;;;0;;;03/04/2024 09:06
Elisabete Mendes;;+351919802056;f;6;14;1980;;;03/04/2024 14:02
Hernani da Silva;;+351969266565;m;;;0;;;17/04/2024 15:02
Maria Elisabete Dinis;;+351962986463;m;;;0;;;18/04/2024 16:39
Pamela;;+351927148322;f;;;0;;;21/04/2024 14:45
Anabela Nunes;;+351966075170;f;;;0;;;22/04/2024 10:13
Janeth Silva;abigailisamara@hotmail.com;+351911951877;f;3;29;1978;221050183;;22/04/2024 10:36
Saudade Saraiva;;+351910177870;f;;;0;;;22/04/2024 14:53
irina schlafrock;irina.schlafrock@gmail.com;+491701208878;;;;0;;;27/04/2024 10:19
Rute Ataide;ruteatide@outlook.com;+351916953891;;;;0;;;27/04/2024 12:49
Fatima Silva;;+351969266565;f;;;0;;;29/04/2024 16:51
THAINARA;;+351927509894;f;;;0;;;30/04/2024 09:38
Luadari Polanco;;+351932818855;f;11;29;1993;;;30/04/2024 13:38
Ariyuri;ariyurireyes@gmail.com;+351928141170;f;;;0;;;01/05/2024 17:40
Elis Souza;eli.a.souza@gmail.com;+351912018874;;;;0;;;05/05/2024 20:19
Amanda;;+351936002103;f;;;0;;;05/05/2024 20:50
Ana Silva;;+351917099861;f;;;0;;;07/05/2024 10:15
Donatella;;+351912665102;f;;;0;;;07/05/2024 12:13
MERICIEL;;+351910680652;f;5;14;2024;;;08/05/2024 14:18
MAYANE MAYRINK YOO;;+351924855140;f;;;0;;;09/05/2024 14:37
LUDO;;+351917386856;f;3;31;1953;;;10/05/2024 08:05
MARIA PITARMA;;+351915814100;f;;;0;;;10/05/2024 09:48
VALENTINA ANDLER;valeandler@gmail.com;+4917630644072;f;6;2;1997;325506701;;14/05/2024 14:57
Carolina Santos;carolina.ss@live.com.pt;+351961852356;;;;0;;;19/10/2022 17:11
Marlene Pimentel;;+351912692805;f;;;0;;;21/05/2024 09:37
Ines Rocha;;+351910574741;f;;;0;;;22/05/2024 14:21
Salome Alves;;+351916409551;f;;;0;;;23/05/2024 09:37
Adriana Pinto;;+351913056483;f;;;0;;;23/05/2024 09:41
Alejandra Lopez;;+351917261774;m;2;12;1971;;;23/05/2024 15:15
Aisling Vaughan;aislingvw@gmail.com;+353862073688;;;;0;;;26/05/2024 15:44
luna alice;lunacurto6@gmail.com;+351910203361;;;;0;;;28/05/2024 14:34
Jessika Campos;;+351932042447;f;;;0;;;28/05/2024 18:21
Lorena   Barros;;+351912679832;f;1;3;1988;;;29/05/2024 14:42
Fatima Mota;;+351971526916;f;;;0;;;31/05/2024 10:59
Carla Gomes;carlacogomes@gmail.com;+351925664449;f;10;31;1983;238101150;;19/07/2022 15:14
Laura Moratilla;laura.moratilla95@gmail.com;+34686773812;;;;0;;;05/06/2024 18:30
Angélica argentina;;+351915510199;f;;;0;;;05/06/2024 18:48
claire;;+16474021590;f;;;0;;;06/06/2024 13:59
Ana Lopes;dalma.store.aveiro@gmail.com;+351911550841;f;;;0;;;06/06/2024 15:40
Camila Amarú;Amaruka92@gmail.com;+351919785610;;;;0;;;07/06/2024 09:16
Lili;;+351938808269;f;;;0;;;10/06/2024 20:14
Bianca;;+351910187598;f;;;0;;;10/06/2024 20:16
Genesis Lara;laragenesisro@gmail.com;+351911046939;f;;;0;;;11/06/2024 15:56
Alice;;+31653683788;f;;;0;;;11/06/2024 16:39
Paula Barbosa;;+351926797212;f;;;0;;;12/06/2024 08:35
Ana Almeida;anaclaudialmeida@outlook.pt;+351910928584;;;;0;;;12/06/2024 17:23
Ynemar Trias;;+351920172374;f;;;0;;;13/06/2024 16:03
Eugenia Carvalho;;+351914518796;f;;;0;;;13/06/2024 16:10
Ambar;;+351915814100;f;;;0;;;15/06/2024 11:15
Fernanda Capati;capati.fernanda@gmail.com;+351926489926;f;3;15;0;;;23/02/2023 14:17
Caroline Fernandes;;+351935976359;f;;;0;;;20/06/2024 16:47
Thais Araujo;;+351933161810;f;;;0;;;21/06/2024 15:36
Julieta;;+351915814100;f;;;0;;;22/06/2024 13:36
Carolina Quadro;;+351926368836;f;;;0;;;24/06/2024 14:24
lyndy;;+351928116419;f;;;0;;;24/06/2024 15:33
Mariana Carneiro Cult;;+351963067821;f;;;0;;;28/06/2024 09:54
Maria do Socorro Pessoa;;+351910550714;f;;;0;;;01/07/2024 09:35
Patricia Manuela;;+351935226303;f;;;0;;;01/07/2024 15:09
Andreia Pais;andreiapais2@hotmail.com;+351919120780;;;;0;;;06/10/2023 13:20
Luzimar Rosa;luzimar.rosas@gmail.com;+351933207177;;;;0;;;04/07/2024 17:03
RITA OLIVEIRA;;+351964712717;f;;;0;;;08/07/2024 15:01
mariana nicolau;;+351916044826;f;;;0;;;10/07/2024 16:52
Victoria Martins Lopes;vicml1108@gmail.com;+351919785610;f;;;0;;;11/07/2024 13:12
Eliana spolador;;+351910675592;f;;;0;;;11/07/2024 17:57
Maria Borges;;+351913824868;f;;;0;;;13/07/2024 16:43
Maria Jose Pacheco;maria@mariapacheco.pt;+351966518825;f;10;8;2001;;;16/07/2024 08:52
Thomas clarisse;thomasclarisse@yahoo.fr;+33622018277;;;;0;;;16/07/2024 17:48
Giha Nogueira;nogueiragihanat12@gmail.com;+351967461238;f;6;12;1991;263090442;;16/07/2024 20:43
Bonny;;+351927543394;f;;;0;;;17/07/2024 11:06
Irene Gil;;+34664394102;f;;;0;;;18/07/2024 11:53
Carina Filipa;carina.castanheta@gmail.com;+351910885803;;;;0;;;20/07/2024 09:43
Carolina Nunes;carolinanunes.escola@gmail.com;+351913173822;;;;0;;;10/07/2023 10:25
Teresa Marques;teresasantos93@hotmail.com;+351965637399;f;;;0;143959697;;25/07/2024 11:49
Yanely da Silva;yanelydasilva@gmail.com;+351915328758;f;;;0;240516427;;25/07/2024 14:43
Alexandra Torrealba;torrealbaconquista@gmail.com;+351914078820;;;;0;;;16/06/2022 19:39
Alexia costa;alexiafacundo8@gmail.com;+351913470001;;;;0;;;24/01/2024 09:22
Bárbara Macedo;;+351933896206;f;;;0;208603522;;28/07/2024 12:46
João Paulo Fernandes;;4917682177524;m;;;0;;;29/07/2024 15:23
Da Silva Elisabete;;+351915814100;f;;;0;;;29/07/2024 19:23
Cristina Guimarães;;+351937250565;f;;;0;;;01/08/2024 17:27
Natacha corte;;+351916964081;f;;;0;;;02/08/2024 21:39
saramago sandrina;sandrine_saramago@yahoo.fr;+33760587291;;;;0;;;09/08/2024 15:02
salome goncalves;salome.sgoncalves@gmail.com;+491786812366;;;;0;;;10/08/2024 15:03
Ingrida;;+351915814100;f;;;0;;;12/08/2024 13:08
Laura;;+351915814100;f;;;0;;;12/08/2024 13:09
Carolina Martins;carolllsilvaa12@gmail.com;+351915859021;;;;0;;;12/08/2024 13:48
Celeste Paiao;joaobelcardoso54@gmail.com;+351965281218;f;;;0;164518282;;12/08/2024 17:30
Laura Carlos;lauramartinscarlos@gmail.com;+351913138166;f;;;0;264578317;;11/08/2024 18:38
Carolina Galeano;lcamarilla2021@hotmail.com;+351911128330;f;;;0;;;13/08/2024 09:27
Mariana Fanaia;;+351913884442;f;;;0;;;13/08/2024 13:04
Mila Fanaia;;+351911586535;f;;;0;;;13/08/2024 13:08
Jacky;;+61414956449;f;;;0;;;13/08/2024 17:14
Julia barossi;;+351936213091;f;;;0;;;14/08/2024 14:30
sandra lopez;;+351915814100;f;;;0;;;14/08/2024 18:33
Ana Rita Pinho;;+351915747896;f;;;0;;;16/08/2024 16:47
Maria Teles;miabteles@gmail.com;+41782562808;;;;0;;;18/08/2024 19:01
Melissa Sousa;sousa.mel@hotmail.com;+351913827823;;;;0;259132225;;04/01/2022 16:59
Alda Valado;alda.m.valado@gmail.com;+351915932030;;;;0;;;19/08/2024 16:19
Camila Lobo;;+5521996469841;f;;;0;;;20/08/2024 13:05
Debora Goncalves;deborafonseca98@gmail.com;+33613423338;;;;0;;;25/11/2023 14:37
Beatriz Marques;beatrizmmarques_sdc@hotmail.com;+351912646720;;;;0;271021993;;18/09/2021 14:30
Carlota Santos;carlota252004@gmail.com;+351969693396;;;;0;;;27/12/2022 10:45
Margarida Araújo;margaridachavesaraujo@gmail.com;+351915449650;;;;0;;;17/10/2023 09:00
Sofia Perez;nagudelo50@gmail.com;+351934431365;;;;0;;;28/08/2024 11:40
Rosario;;+351969603360;m;;;0;;;28/08/2024 17:51
Sónia Ó;sonia.o@outlook.com;+351960319018;;;;0;;;29/08/2024 12:24
Natalia Rodrigues;;+351934431365;f;;;0;;;31/08/2024 12:53
Sofia Perez Rodriguez;;+14389244232;f;;;0;;;31/08/2024 12:56
Cláudia Cerqueira;claudiamcerqueira@gmail.com;+351936401266;;;;0;;;31/08/2024 13:56
Denise;;+351961071605;f;;;0;;;31/08/2024 18:18
Matilde Almeida;matildealmeidacarlos@gmail.com;+351918723942;f;11;25;0;265399467;;30/01/2024 18:40
Maria Veiga;;+351967529048;f;;;0;;;03/09/2024 16:24
Veda Gomes;veda.gomes20@gmail.com;+33663688657;;;;0;;;09/09/2024 11:43
Isis Carolini;;+351939276825;f;;;0;;;09/09/2024 14:01
perola badra;Prelasdrudi123@gmail.com;+351933226201;;;;0;;;09/03/2023 17:04
Daniela Horta;;+4522924014;f;;;0;;;11/09/2024 16:09
Mônica Rodrigues;monikapll_@hotmail.com;+351968141362;;;;0;;;24/06/2022 11:30
Cristiane Leiva;cristiane.leiva.silva@gmail.com;+351915091386;;;;0;;;13/09/2024 12:49
Mericiel Dominges;mericiel@hotmail.com;+351912479900;;;;0;;;15/09/2024 23:28
Mari Rodrigues;;+351938024558;f;;;0;;;16/09/2024 10:29
Carolina Rodrigues;;+351932747256;f;;;0;;;16/09/2024 11:44
Soraia Mendonça;;+351966999179;f;;;0;;;17/09/2024 13:25
Sandra Vieira;sav.vieira@gmail.com;+351919081927;f;;;0;;;12/10/2021 13:43
Natacha Alvarez;nats605@hotmail.com;+351918284401;;;;0;;;21/03/2022 09:49
Maria Manuel Candal;;+351919765890;f;;;0;;;24/09/2024 09:58
Sonia Almeida;soniamarisalmeida@gmail.com;+351968905247;f;;;0;222101466;;01/10/2024 14:40
Ana Costa;anaconda1104@gmail.com;+351917540039;f;;;0;153125209;;01/10/2024 16:33
Sofia Fernandes;sofiafernandes1029@gmail.com;+351939253693;f;;;0;273464108;;04/10/2024 11:58
matilde lourenço;Matildelourenco105@Gmail.com;+351935559132;;;;0;;;04/10/2024 15:42
Denise Silva;;+351931423773;;;;0;;;04/10/2024 16:42
Alessandra Franzoni;alessandraafranzoni@gmail.com;+393454422599;;;;0;;;04/10/2024 16:55
Vera Paleothodorou;vera.paleothodorou@gmail.com;+306949166909;;;;0;;;05/10/2024 16:03
penelope benz;Benzpenny@yahoo.com;+18172355917;;;;0;;;08/10/2024 13:28
Joana Vieira;;+351913380332;f;;;0;;;09/10/2024 11:00
Claudia de Jesus;;+351912155502;f;;;0;;;09/10/2024 16:41
Salete;;+351912675311;f;;;0;;;10/10/2024 08:55
Joana Gonçalves;joanaclg98@gmail.com;+351915456544;;;;0;;;10/10/2024 16:17
karla pas;Karlapas@regra3social.com;+351966385723;;;;0;;;14/10/2024 17:48
Gabi Desmolins;;+351932016542;f;;;0;;;15/10/2024 12:41
Olga fonseca;olgafonseca13@gmail.com;+351966756788;f;;;0;;;17/10/2024 17:58
Ana Paula Campos;;+447482626278;f;;;0;;;18/10/2024 11:18
Melissa Kellen;melissambs1197@gmail.com;+351932051753;f;6;11;0;;;14/10/2024 14:29
Jordao Alvez;;+351932051753;m;;;0;;;21/10/2024 13:55
Naira Coutinho;nairacoutinho645@gmail.com;+351939020843;;;;0;;;21/10/2024 18:16
Inês Almeida;inesalmeida030206@gmail.com;+351961014769;;;;0;258760400;;28/01/2023 11:25
Beatriz Rodrigues;;+351916402346;f;;;0;;;24/10/2024 08:17
Vanessa Barbosa;wannessa_b@hotmail.com;+351936435564;;;;0;;;25/10/2024 17:00
Maria Margarida;margaridarocha2002@gmail.com;+351962599498;;;;0;;;16/10/2024 14:11
Beatriz Tavares;;+351926158413;f;;;0;;;30/10/2024 15:24
Tiago;;+351921459591;m;;;0;;;31/10/2024 10:08
Simone Silva;;+351935131493;f;;;0;;;31/10/2024 10:10
Marcia camargo;;+351963462014;f;;;0;;;31/10/2024 17:23
Eduarda Cavalcante;;+351934198150;f;;;0;;;06/11/2024 10:43
Thainara;;+351927509894;f;;;0;;;06/11/2024 10:47
Vitoria Martins;vitoria.hmq@gmail.com;+351925626400;;;;0;;;06/11/2024 13:05
Cleisiomara;marasalo18@gmail.com;+351926360084;f;;;0;;;06/11/2024 14:31
Gabriela Rebelo;gabrielarebelo@gmail.com;+351911963314;;;;0;;;06/11/2024 21:27
Candida Pietrosemoli;candidapietrosemoli@gmail.com;+491719274529;;;;0;;;07/11/2024 17:32
Wendy Mattos;;+351933541706;f;;;0;;;08/11/2024 10:57
Solange Lima;solangemarinalima@hotmail.com;+351911887301;;;;0;;;26/10/2023 07:55
Alisa Gudovskaja;alisa.gudovskaja@gmail.com;+37258440065;;;;0;;;14/11/2024 11:54
Rosa miguel;;+351915814100;f;;;0;;;14/11/2024 15:40
zeloi;;+351927143977;f;;;0;;;14/11/2024 16:40
julia;;+33695350653;f;;;0;;;15/11/2024 16:27
Filipa Amorim;filipasousaamorim@gmail.com;+351914368508;;;;0;;;16/11/2024 22:29
Ana Menezes;ana.mnzs@gmail.com;+351919151179;f;11;30;1984;;;18/11/2024 14:01
kamylle marques;marquesskamyy@gmail.com;+351935009096;;;;0;;;18/11/2024 17:30
Miriam Gama;;+351912499972;f;;;0;;;18/11/2024 22:07
Laura Beer;;+351913365169;f;;;0;;;19/11/2024 14:34
Vera Nogueira;veranogueira1078@gmail.com;+351933210973;f;;;0;;;10/10/2022 18:04
Frankling Barros;Franklin.bbaros@gmail.com;+351933065428;m;;;0;;;20/11/2024 10:58
Bruna Marcondes;bru.temp17@gmail.com;+351910486917;f;11;26;1996;;;21/11/2024 09:40
Elis Yoo;;+351912018874;f;;;0;;;22/11/2024 19:22
Ana Maria Figueira;;+351913259485;f;;;0;;;23/11/2024 10:53
Paula Peres;;+351927422539;f;;;0;;;26/11/2024 13:12
SOFIJA BORKOVIC;sofijaborkovic@gmail.com;+381693089863;;;;0;;;26/11/2024 14:48
mariana Bom;;+351927543160;f;;;0;;;26/11/2024 16:05
sofia pinho;Sofiapinho1808@gmail.com;+351930613464;;;;0;;;27/11/2024 11:29
Cirlene;;+351912503408;f;;;0;;;28/11/2024 09:36
Helena Costa;Laurassbeer@hotmail.com;+351914304142;;;;0;;;28/11/2024 18:23
Sepideh Sharbaf;sepideh.sharbaf@gmail.com;+31620327867;;;;0;;;29/11/2024 09:43
Sofia Godinho;sofsgodinho27@gmail.com;+351916593619;f;1;8;1998;229389520;;12/11/2022 11:08
mel brait;Mel.brait@hotmail.com;+5511975663140;;;;0;;;02/12/2024 10:13
Illa Samille;;+5575988488747;f;;;0;;;02/12/2024 11:21
Fernanda Rodrigues;;+351913289275;f;;;0;;;02/12/2024 13:54
Simone Silva;;+351935131493;f;;;0;;;02/12/2024 19:31
Joao;;+351910696177;m;;;0;;;02/12/2024 19:37
Maria Santos;;+351917069909;f;;;0;;;03/12/2024 10:47
carolina marinho;;+5521979859026;m;;;0;;;03/12/2024 14:11
Celestino da;costajack316@gmail.com;+351935323344;;;;0;;;04/12/2024 09:21
illa samilly;Samillysantos2503@gamil.com;+351933471981;;;;0;;;04/12/2024 19:54
Catarina Elvas;;+351962786247;f;;;0;;;06/12/2024 10:10
Jane lombardi;janelissoni@icloud.com;+351912099864;;;;0;;;17/06/2022 07:33
natacha alvarez;cristelalvarezleite@gmail.com;+351918284401;;;;0;;;07/12/2024 11:11
Kika Peppermint;;+351910797979;f;;;0;;;09/12/2024 17:40
Mariana Carneiro;mari.adcarneiro@gmail.com;+351963067821;;;;0;;;14/03/2022 09:27
cristina guimaraes;Cristinamatosguimaraes@gmail.com;+351937250565;;;;0;;;10/12/2024 20:16
Joana Silva;jpgfsilva@gmail.com;+351965386406;f;;;0;216294010;;11/12/2024 10:42
Laura Held;lauraheld6@gmail.com;+351966235049;;;;0;;;16/12/2021 22:32
isi tion;;+4915258741298;f;;;0;;;12/12/2024 10:18
laura sobrancelhas;;+351963398686;m;;;0;;;12/12/2024 13:15
kiaki frança;;+351929316382;m;;;0;;;12/12/2024 13:17
fatima contreras;;+351963372212;m;;;0;;;12/12/2024 13:18
Guadalupe;;+35196719728;f;;;0;;;13/12/2024 17:01
Flavio;;+351967719728;m;;;0;;;13/12/2024 17:03
Victoria Holanda;Victoriamholanda@gmail.com;+351919810722;f;;;0;293504636;;16/12/2024 11:56
Monica Petroy;mpetroy@gmail.com;+351913794530;;;;0;;;16/12/2024 13:20
Esmeralda Ferreira;;+351961421112;f;;;0;;;16/12/2024 15:10
Ana Fontes;ana.fontes92@gmail.com;+351916009420;f;3;18;1992;223607436;;17/12/2024 15:13
Filipe;;+351910899099;m;;;0;;;17/12/2024 16:24
Emily White;emilywhite3641@gmail.com;+17077729194;;;;0;;;31/05/2024 15:58
edna souza;Ednass.rj@gmail.com;+351934527356;;;;0;;;18/12/2024 18:07
Carlota Pereira;carlotapereiracarlos@ua.pt;+351913138054;;;;0;;;19/12/2024 16:48
Janaina Bacha;bachajanaina@gmail.com;+351937587075;;;;0;;;02/07/2024 15:00
Augusto Rodrigues;;+351935083246;m;;;0;;;20/12/2024 11:11
filipa cardoso;Filipacardoso246@gmail.com;+351933301466;;;;0;;;20/12/2024 12:31
nakary alvarez;Nakaryalvarezleite@gmail.com;+351918284401;;;;0;;;21/12/2024 10:50
Caterina Giongo;caterina.giongo@gmail.con;+393405631425;;;;0;;;21/12/2024 23:17
Mirian Araujo;miriang.a@hotmail.com;+351912499972;;;;0;;;22/12/2024 22:43
keily fernandes;;+351917398722;f;;;0;;;23/12/2024 13:51
Cida;;+351932461461;f;;;0;;;27/12/2024 09:13
Jessica Damas;;+351964459947;m;;;0;;;27/12/2024 14:30
Hang;;+31640604660;f;;;0;;;28/12/2024 12:45
Leidiane Ribeiro;leidianeribeiro11@hotmail.com;+244941979764;f;;;0;;;28/12/2024 12:51
Sara Rodrigues Duarte;sararodduarte@gmail.com;+351918363412;f;;;0;251081095;;29/12/2024 14:29
catarina coutinho;Fagundescatarina@hotmail.com;+4915229706196;;;;0;;;30/12/2024 17:56
Karla Barbosa;Karlapaes@regra3social.com;+351966385723;f;12;24;1977;;primer y deshidratador;01/01/2025 11:40
Francesca Cascasi;francescabrinco@gmail.com;+491733592613;;;;0;;;01/01/2025 20:41
carmem de Abreu;;+351914229207;f;;;0;;;02/01/2025 14:48
Hafiz Ahmai;ahmad.Ignitiion.80@gmail.com;+351929214492;m;;;0;295956860;;03/01/2025 17:00
Marisa Veiga;marizexe@hotmail.com;+351910906438;f;2;6;1970;;;02/01/2023 10:56
Sonia Pereira;;+351932557169;f;;;0;;;07/01/2025 16:09
Manuela Vieira;;+351925916455;f;;;0;;;08/01/2025 13:36
Marina Silva;marinatmsilva18@gmail.com;+351932818138;;;;0;;;05/06/2024 19:04
Joao A1;;+351935991440;m;;;0;;;16/01/2025 16:07
monica andrada;marianneogandolfi@gmail.com;+351929305887;;;;0;;;16/01/2025 20:28
Bruna Margaça;brunaamrgc@gmail.com;+351927292499;f;6;19;2008;;;17/01/2025 19:14
Viviana Ocampo;;+3512860900;f;;;0;;;21/01/2025 22:27
suellen ribeiro;Smribeiro85@gmail.com;+351929305884;f;;;0;;;23/01/2025 20:08
Sofia Ramos;sofia5910@gmail.com;+351910191862;f;5;29;1980;;;27/01/2025 21:22
Marta Oliveira;martanando67@gmail.com;+352621391117;;;;0;;;27/01/2025 10:13
Carol moreira;;+351967505603;m;;;0;;atenção faltas;28/01/2025 14:29
Jaqueline da silva;;+17727662165;f;;;0;;;29/01/2025 14:36
Miguel Perez;;+351962221125;m;;;0;;;31/01/2025 18:10
Tania Lourenço;;+351938420366;f;;;0;;;03/02/2025 15:10
Marcela Valença;;+5581994993443;f;;;0;;;05/02/2025 11:30
Estefani Damazio;;+351913590816;f;;;0;;;05/02/2025 13:29
Lorena Bittencourt;;+351915497759;f;;;0;;;06/02/2025 09:30
Joana Gomes ribeiro;joanarrgomes09@gmail.com;+351911700301;;;;0;;;08/02/2025 13:17
Ana Liberal;analuisliberal@gmail.com;+351917060751;;;;0;;;08/02/2025 23:29
Elisabete soares;Elisabeteseguros14@gmail.com;+351925720165;;;;0;;;09/03/2024 09:31
rafael campanile;Rafaelcampanile@gmail.com;+351918126121;m;;;0;;;11/02/2025 15:37
Matilde Lourenço;Matildelourenco2004.mlo@gmail.com;+351935559132;;;;0;;;11/02/2025 17:43
Julia Dias;juliacdias90@gmail.com;+351912406106;;;;0;;;12/02/2025 18:37
Inês Chaves;inessousachaves@gmail.com;+351934526770;;;;0;;;12/02/2025 18:38
Andrea Carere;andreacarere@gmail.com;+393484343515;;;;0;;;13/02/2025 02:16
Andressa Santos;santos.andressacano@gmail.com;+351928068259;;;;0;;;18/02/2025 22:18
Diana Nunes;dinunes301101@gmail.com;+351926469623;f;1;30;2002;;;19/02/2025 15:33
Ana Cristina Carvalho;a.cristinacarvalho96@gmail.com;+351919365340;;;;0;;;19/02/2025 16:29
Rosa Branca Pereira;carlotajoaquinapereira62@gmail.com;+351932009570;f;;;0;142664898;;21/02/2025 17:58
Jessica Souza;;+351961248732;f;;;0;;;22/02/2025 16:50
Elizabeth Araujo;;+351966112894;f;;;0;;;24/02/2025 19:27
Anielma Coelho;neto.anielma@googlemail.com;+4915122081017;;;;0;;;27/02/2025 10:44
maria morgado;;+351912417949;f;;;0;;;28/02/2025 13:00
maria morgado;;+351912417949;f;;;0;;;28/02/2025 14:00
Maggie;;+351913681329;f;;;0;;;28/02/2025 14:56
Juliana Pires;juliana2787@hotmail.com;+351913366796;;;;0;;;01/03/2025 10:14
Jessica Ferreira;jecasaf@hotmail.com;+351965171664;;;;0;;;03/06/2022 17:45
Frank Voggenreiter;voggenreiter@ua.pt;+496644013498;;;;0;;;04/03/2025 16:58
Joana Alves;joanacoimbra94@gmail.com;+351910137389;;;;0;;;05/03/2025 17:55
giovanna vital;Giovannaavital@gmail.com;+351933644822;;;;0;;;05/03/2025 21:02
sandra Regala;Sandraregala44@hotmail.com;+351918897236;;;;0;;;07/03/2025 08:29
Mary  Fernandez;;+351938564789;f;8;2;1984;;;07/03/2025 14:46
Ana nunez;;+3519362776;f;;;0;;;12/03/2025 13:48
Helena Dias;Hdias@ua.PT;+351969557097;f;;;0;169832090;;13/03/2025 16:19
kika signorini;kika.mafra@hotmail.com;+351910797979;;;;0;;;14/03/2025 15:28
Ana Gomes;gomesocana@gmail.com;+351963175363;;;;0;;;18/02/2025 18:24
Maria da;lunds@tuskcap.com;+351910534022;;;;0;;;17/03/2025 14:30
Luciara Damassio;;+351912534140;f;;;0;;;17/03/2025 17:31
Rebecca saraiva;;+351912585987;f;;;0;;;18/03/2025 15:34
Eunice Santos;eunicemagda@gmail.com;+351913755282;;;;0;;;19/03/2025 15:01
AnaPaula;;+351915839743;;;;0;;;20/03/2025 23:20
Roberta Mantovani;roberta.mantovani20@gmail.com;+34627339132;;;;0;;;22/03/2025 10:02
Natália Salgueiro;Salgueiro.nathalia@gmail.com;+351919515911;;;;0;;;13/05/2024 17:55
Gyanna Pessoa;gyannasimoes@gmail.com;+351935213432;;;;0;;;06/05/2024 11:23
Katia Bastos;katia.bastos@sapo.pt;+351912475620;;;;0;;;07/10/2021 13:57
Karina cristina;karinacristina2019k@gmail.com;+35161993133209;;;;0;;;25/03/2025 17:19
Dicumbi Pimenta;dgmp1973@gmail.com;+351927719684;f;;;0;;;25/03/2025 18:46
Matehya Bryant;maetabulous@gmail.com;+14253511063;;;;0;;;27/09/2024 22:27
Sonia Ruiz;;+351933036886;f;;;0;;;25/03/2025 19:26
Maria Isabel Ferreira;;+351919329346;;;;0;;;26/03/2025 12:07
maria cartaxo;;+351926048693;f;;;0;;;27/03/2025 16:46
Sonia Barbosa;soniabarbosa412@gmail.com;+351911103301;;;;0;;;11/02/2025 23:14
Ana Bolhao;ana.j.bolhao@gmail.com;+351916366896;;;;0;;;21/01/2022 09:25
Mariana Alexandrino;mlalexandrino7@gmail.com;+351931745555;;;;0;;;30/03/2025 18:33
Clara Pessoa;;+351 ?926 774 863?;f;5;31;2001;;;31/03/2025 08:21
Maureth;;+351969108542;f;;;0;;;31/03/2025 13:11
Maria de los Angeles;;+351965562900;f;5;17;2001;;;01/04/2025 14:44
Carol jandira;;+351935366088;f;2;28;2005;;;01/04/2025 21:44
Enrica Abate;enrica.abate30@gmail.com;+393474325765;;;;0;;;03/04/2025 09:03
Alessandra Monzo;Alessandramonzo01@gmail.com;+393931127273;;;;0;;;03/04/2025 15:40
Maria Justina Silva;;+351964066012;f;;;0;;;04/04/2025 10:33
Lino Lopes;;+351918420128;m;;;0;;;04/04/2025 15:40
Melany Pérez;;+351926137902;f;1;11;1998;;;05/04/2025 16:01
Nathalie Paiva;;+351965274454;f;2;18;1994;;;07/04/2025 16:16
ines Saltao;ines.saltao1@gmail.com;+351914056373;f;;;0;247158771;;07/04/2025 19:02
Ana  Beatriz dos Santos Silva;anabeatriz_silva@outloock.pt;+351911039860;f;7;16;2003;;;08/04/2025 09:47
Jane Basili;;+351924966552;f;10;17;1980;;;08/04/2025 17:15
Janina Gonzales;;+584249461883;f;;;0;;;08/04/2025 18:12
Gisele silva;gisele.campos.40@hotmail.com;+351936316479;;;;0;;;14/06/2023 13:27
Maria Cartaxo;mariamccap@gmail.com;+351926048693;;;;0;;;14/08/2021 11:40
Etna Freitas;;+351932190474;f;;;0;;;10/04/2025 09:17
Ju Nogueira;;+351914037023;f;;;0;;;10/04/2025 10:03
Joana Gomes;;+351928051682;f;;;0;;;10/04/2025 14:14
Mariana Dias;marianagasparcoelhodias@gmail.com;+351935643272;;;;0;;;10/04/2025 16:44
Mariam Haidara;mariamhaidara472@gmail.com;+3463180484;;;;0;;;10/04/2025 23:14
Patricia Amaiz;;+351937343223;f;;;0;;;11/04/2025 11:51
Sofia Kelly  Hernández;;+351933970540;f;12;5;2003;;;11/04/2025 18:23
Angela carvalho;;+351915710701;f;;;0;;;12/04/2025 13:25
Rafaela Pereira;rcnprafaela2000@gmail.com;+351914472027;;;;0;;;13/03/2025 20:24
Shayellen Lima;;+351966112868;f;;;0;;;12/04/2025 17:30
Carolina Gomes;carolmpgomes03@gmail.com;+351918182954;;;;0;;;14/12/2021 15:57
Cristina Freitas;cristinafreitas24@gmail.com;+351924215780;f;12;29;1997;;atenção pulgar esquerdo;01/09/2023 16:19
Neilen Andrea;;+351913980373;;;;0;;;13/04/2025 11:28
Caroline Ferreira;alef22197@gmail.com;+351920208928;f;2;27;2002;;;14/04/2025 17:37
Constança Gomes;constangomes@gmail.com;+351914223164;;8;8;1999;236962256;;14/12/2021 15:55
rozenn baudet;Rozenn.baudet@live.fr;+3510662877236;;;;0;;;16/04/2025 11:54
Kamila Rodrigues;kamylamachado3@gmail.com;+351932736596;f;;;0;317658492;;17/04/2025 10:58
Gabriela Tavares;;+351962462521;f;;;0;;;17/04/2025 14:56
Aline Castro;;+351916294725;;;;0;;;18/04/2025 11:28
andressa gondin;gondincristina@gmail.com;+351938464848;;;;0;;;06/11/2023 01:58
Mafalda Capucho;m.capucho@sapo.pt;+351967207631;;;;0;;;18/04/2025 23:01
Ana Paula Magalhaes;apmaga@gmail.com;+351915839743;f;;;0;148749607;;19/04/2025 09:30
Delia morel;;+34622356156;f;;;0;;;19/04/2025 15:55
Fátima Freitas;;+351910057023;f;1;19;1957;;;22/04/2025 09:02
Fabiane Araujo;;+351915207957;f;;;0;;;22/04/2025 15:40
Mariana Cruz;mrc.002@hotmail.com;+351911093264;;;;0;;;12/11/2022 17:43
Raphaella Moreira;rapha_ac@hotmail.com;+351915098328;f;;;0;;;23/04/2025 13:19
Naide Martins;naidemrs83@gmail.com;+351922258879;;;;0;;;24/04/2025 07:00
Daniel Nery;;+351926611634;;;;0;;;25/04/2025 16:31
Thais Tavares;;+351932235269;f;;;0;;;28/04/2025 10:03
Leonor Rodrigues;;+351938747028;f;;;0;;;29/04/2025 13:42
Beatriz Costa;beatrizsantos.555@hotmail.com;+351939636790;f;7;1;2003;;;21/04/2025 18:27
Gloria Gandalho;;+32476454762;f;;;0;;;30/04/2025 10:34
Ines Carneiro;ines.carneiro@outlook.com;+351914446942;;0;0;0;;;13/05/2023 18:15
Daniela Ramos;;+41764417287;f;;;0;;;02/05/2025 15:12
Mafe Antequera;;+34611542311;;;;0;;;03/05/2025 18:24
Mariana Santos;marianapinto200@hotmail.com;+351916744912;;;;0;;;06/06/2024 11:13
Diana Manrique;;+351962949293;f;;;0;;;05/05/2025 14:34
Catia Matos;;+351932519960;f;;;0;;;06/05/2025 09:05
Maria Lóio;marialoio94@gmail.com;+351919699593;;;;0;267100965;;31/07/2020 10:16
Andrea Vanegas;vanegas.andrea@hotmail.com;+351969478627;;;;0;;;22/10/2021 16:12
Paula Pinto;paula.pinto73@hotmail.com;+351965885261;f;;;0;194409520;;06/05/2025 18:35
Laires Magalhães;;+5565981495406;f;;;0;;;07/05/2025 17:41
Marine Baumgartner;baumgartnermarineaf@gmail.com;+351932551011;;;;0;;;07/05/2025 21:53
Dolores Ferreira;;+351964356474;f;;;0;;;08/05/2025 12:14
Ana Rafaela;anarato99@hotmail.com;+491624798774;;;;0;;;29/04/2025 14:49
Mariana Godinho;marianasilva2010@icloud.com;+351913339190;f;1;20;2010;;;08/05/2025 16:09
Diana Martins;dianaisabel12@sapo.pt;+351961477686;;;;0;;;08/05/2025 18:58
Vitória Amaral;vitorimaral@gmail.com;+351911822568;;;;0;;;07/01/2025 21:12
Tatiana Santos;;+351935466887;f;;;0;;;09/05/2025 11:13
Clara Martins;aclararibas@gmail.com;+351938143611;;;;0;;;05/05/2023 13:18
Mayra Lage;maylage@hotmail.com;+351925202506;;;;0;;;12/05/2025 17:16
Lucie Krej?íková;lucie@krejcik.eu;+420602304729;;;;0;;;13/05/2025 19:01
Cristiana Rodrigues;kris_moonlight9@hotmail.com;+351914800287;;;;0;239849876;;14/05/2025 18:27
Elias Araújo;eliasaraujjo@gmail.com;+351933450004;;;;0;293280142;;15/05/2025 10:02
Dorota;;+48530175519;f;;;0;;;15/05/2025 13:36
maria moron;Majomr1907@gmail.com;+351968799262;;;;0;;;09/11/2022 20:48
Dionira;;+351934839246;f;;;0;;;21/05/2025 11:08
Giovana Tineo;;+34676164084;f;;;0;;;21/05/2025 18:21
Laiza Pereira;laizapereira.pt@gmail.com;+351966114518;;;;0;;;21/05/2025 21:23
Bárbara Fernandes;bafifernandes@gmail.com;+351963503375;;;;0;;;24/05/2025 17:17
Inês Cardoso;inessoarescardoso@hotmail.com;+351915553117;;;;0;;;25/01/2022 16:53
Naomi Moura;;+351927144052;f;;;0;;;26/05/2025 09:12
Maria  Santos *;;+351936047416;f;;;0;;;26/05/2025 13:29
Rosete Cunha;;+351919929567;f;;;0;;;26/05/2025 17:56
masleia Matioli;masleia_rosa@hotmail.com;+351920262687;;;;0;;;27/05/2025 10:04
Tatiana Boucinha;;+351967255701;f;;;0;;;28/05/2025 11:26
Gabrielle Figueredo;Gabihelpme@gmail.com;+351927773570;;4;17;1991;;;28/05/2025 14:10
Carolina Jandira;carolinajmcosta@gmail.com;+351935366088;f;2;28;2005;;;28/05/2025 17:14
Cristina Esteves;cmpe1979@gmail.com;+351964409491;;;;0;217809847;;08/05/2025 22:18
Gabriel Alberti;Gabrielpillaalberti@gmail.com;+351927773580;;;;0;;;29/05/2025 11:46
paula marques;mariapaulamarques30@gmail.com;+351964703834;f;;;0;173214169;;29/05/2025 16:15
Telma Gomes;Filipa.telma18@gmail.com;+351935080496;;;;0;;;29/11/2022 13:19
Ana Cristina gomes;acmfg@ua.pt;+351916501828;f;;;0;263727858;;30/05/2025 14:52
Grazielle Pettene;grazielle.pettene@gmail.com;+351938101150;;;;0;;;31/05/2025 09:52
magda almeida;Maggiealmeida75@gmail.com;+351963574819;;;;0;;;31/05/2025 20:44
Susana Viegas;;+351917358995;f;;;0;;;02/06/2025 11:47
Etelvina Santos;;+351916986208;m;;;0;;;03/06/2025 10:52
Silvana de la rosa;;+351938421117;;;;0;;;03/06/2025 15:05
Mariana Bastos;marianabastosf1@gmail.com;+351911592180;;;;0;;;08/11/2024 14:51
Aimeeleih Dillon;aimeeleihdillon@gmail.com;+12506838489;;;;0;;;04/06/2025 14:03
Diana Manrique;Bookingsomiqueen@gmail.com;+351962949293;;;;0;;;05/06/2025 07:26
Filipa Costa;;+351936124662;f;;;0;;;05/06/2025 10:02
noelma freia;;+351930962031;f;;;0;;;05/06/2025 18:08
Sara Carvalho;sarampcarvalho@gmail.com;+351967038005;;;;0;212915746;;16/03/2024 10:57
Susana Viegas;sisviegas@gmail.com;+351917358995;;;;0;;;06/06/2025 06:54
Neuza da Gloria;;+351966661796;f;;;0;;;06/06/2025 12:40
Maria Gabriel;mariagabbbrielteixeira@gmail.com;+351960353755;;;;0;;;06/06/2025 20:27
Paul Santos;psantos525@gmail.com;+351931069729;;;;0;321175590;;08/06/2025 10:42
Sophia Lopes;Aquilarlopessophiamirelly@gmail.com;+351960186355;;;;0;;;08/06/2025 22:11
Ana Borba;anabgravato@ua.pt;+351926044710;;;;0;244983771;;08/06/2025 23:52
Isa Lopes;isamrlopes17@hotmail.com;+14168046346;;;;0;;;17/09/2021 21:21
Hang;;+31640604660;f;;;0;;;09/06/2025 08:20
Jae;;+351912096787;f;;;0;;;09/06/2025 14:39
Paola Gómez;;+351913172048;f;;;0;;;10/06/2025 13:05
Joana Vieira;joanaipvieira@gmail.com;+351913380332;;;;0;248288598;;10/06/2025 16:37
Marina De;mari.inague@gmail.com;+351934526937;;;;0;;;11/06/2025 12:59
Theresa da;theresa-kraemer1994@web.de;+491753808914;;;;0;;;11/06/2025 17:55
Teresa Sanches;tsegurosanches@gmail.com;+351919332356;;;;0;;;27/02/2023 10:01
Benedetta Freda;;+393318815204;f;;;0;;;12/06/2025 16:58
Ana Génio;anaagenio@gmail.com;+351931445229;;;;0;;;30/01/2022 12:15
Ana Fonseca;anaclaraff98@gmail.com;+393516964812;;;;0;;;13/06/2025 10:16
Michele Mardones;;+351916017992;f;;;0;;;13/06/2025 17:35
Maria Rosária;mariamulaza@hotmail.com;+351931309478;;;;0;;;14/06/2025 11:19
Ana Fonseca;anapedrinho@live.com.pt;+351939671937;;;;0;;;14/06/2025 14:29
daniela brito;bsamuela65@gmail.com;+351932582393;;;;0;;;14/06/2025 19:22
rita cruz;aritavcruz@hotmail.com;+351919757920;;;;0;;;01/10/2020 11:15
Flora Figueiredo;floraoliveirafigueiredo@gmail.com;+351917522427;;;;0;;;17/06/2025 11:06
joana raquel mendes;;+351938929237;f;;;0;;;17/06/2025 11:21
Maria Joao Paes;mjpaes2011@gmail.com;+351923190459;f;;;0;226657310;;17/06/2025 11:23
Carol Catte;;+351913580066;f;;;0;;;17/06/2025 16:47
Telma Ussore;becas60@gmail.com;+351937409323;;;;0;303903449;;29/08/2022 20:04
Victoria Cruz;vitoriasantos.ca@gmail.com;+351912814131;f;;;0;;;19/02/2022 14:56
Fernanda Antoniazzi;fe.dgantoniazzi@gmail.com;+351926906123;;;;0;;;20/06/2025 09:14
Alixane Viogeas;a.viogeas@gmail.com;+33769144745;;;;0;;;20/06/2025 11:28
Sandra Vieira;Sandra.vieira@gmail.com;+351919081927;;;;0;;;20/06/2025 13:24
Patricia Soares;psnpatriciasnascimento@gmail.com;+351921466332;f;;;0;313566003;;20/06/2025 16:05
Valéria Cabral;valeriarafael1996@gmail.com;+351964627895;;;;0;;;20/06/2025 17:18
Ana Ramos;;+34687736772;f;;;0;;;21/06/2025 16:18
Rosa Fernandes;;+351913547336;f;;;0;;;21/06/2025 16:40
Naomi Moura;naomibmsantos@gmail.com;+351927144052;;;;0;;;23/06/2025 07:43
Claudia Figueiredo;;+351938882367;f;;;0;;;23/06/2025 11:15
Joanna Habiak;Jhabiak@yahoo.com;+34664184213;;;;0;;;24/06/2025 06:54
Ana Beatriz Lourenço;;+351927662944;f;;;0;;;24/06/2025 11:36
Ana Santos;;+351914792471;f;;;0;;;24/06/2025 15:03
Rafaela Hemprew;rafaela.scartabelli2004@gmail.com;+351913988055;;;;0;;;24/06/2025 17:58
Nele Widmann;nele-widmann@web.de;+491794273751;;;;0;;;26/06/2025 10:49
Margarette Canas;marg82canas@gmail.com;+351963058522;f;;;0;209119250;;26/06/2025 16:51
Luisa Pereira;luisa.pereira3740@gmail.com;+351966291604;;;;0;;;26/06/2025 18:57
Tiago Lopes;;+351916656548;m;;;0;;;27/06/2025 08:34
Bernice Ferreira;ferreirabernice@web.de;+4915114342318;;;;0;;;27/06/2025 11:43
Catarina Ribeiro;catarinacorreiaribeiro99@gmail.com;+351931323773;;;;0;;;27/06/2025 13:08
Silvia Tavares;silviatavares81@hotmail.com;+351912784377;;;;0;;;11/11/2021 15:15
Samanta Laise;samanta.laise30@gmail.com;+3519177000674;;;;0;;;21/10/2024 01:51
Isabel Oliveira;ialcovia@ua.pt;+351965363115;f;;;0;189352418;;28/06/2025 10:53
Luana Chaves;luacsouza1@gmail.com;+351969854105;;;;0;;;28/06/2025 16:41
Ana Carolina Martins;martinssanasilva@outlook.pr;+351939614948;f;11;16;1999;312641818;;30/06/2025 12:39
Beatriz Silva;;+351910515131;f;;;0;;;30/06/2025 18:05
Adriana Dos;adrisan7070@gmail.com;+351928240713;m;;;0;;;30/06/2025 18:23
Margarida Zizzoni;;+19085785662;f;;;0;;;01/07/2025 08:57
Carlos Luís;;+351912555938;f;9;16;2004;;;01/07/2025 15:35
tatiana gomes;;+351968258975;f;;;0;;;02/07/2025 16:37
Gerardo Carreño;;+351915496349;m;;;0;;;03/07/2025 08:27
Camila Landaeta;camiix.landaeta@gmail.com;+351934497547;;;;0;;;04/07/2025 09:36
Isabel Domingues;;+34633578185;f;;;0;;;04/07/2025 14:24
Janine Rudin;janinerudin1@gmail.com;+351936364848;;;;0;;;15/06/2024 15:42
Hemprew Scartabelli;h.justinobelisario@gmail.com;+351913988055;;;;0;;;05/07/2025 02:38
Marta  Sofia Riveiro;marta.s.ribeiro@gmail.com;+351964127755;f;;;0;201420643;;05/07/2025 10:07
Diana Canhoto;litomeli.cl@gmail.com;+351968300659;f;;;0;226164357;;05/07/2025 11:49
Andreia Silva;;+351916847417;f;;;0;;;05/07/2025 15:01
Sara Patricia;sara.pereira.dafonte@outlook.com;+352661311020;;;;0;;;06/07/2025 21:39
Catiline Fidalgo;fidalgocatiline@gmail.com;+351933228154;;;;0;;;13/12/2022 00:06
São Dias;;+351914490202;;;;0;;;07/07/2025 10:40
Aldemira Varela;adelmisa@ua.pt;+351938666169;f;;;0;308942310;;07/07/2025 12:40
Maria Caccule;;+351923173999;f;;;0;;;07/07/2025 17:42
Denise Coimbra;denisecoimbra09@gmail.com;+41774944512;;;;0;;;07/07/2025 18:02
Marta Ferraz;;+351914890835;f;;;0;;;07/07/2025 18:18
María Luisa;marisafernandezbruna@gmail.com;+351650129652;;;;0;;;08/07/2025 13:13
Matilde Delgado;matilde.vilairnho.delgado@gmail.com;+351912866865;;;;0;;;08/07/2025 13:50
Emily Nogueira;;+584149198924;f;;;0;;;08/07/2025 15:06
maria portugal;Mariajosepbmdias@gmail.com;+351931123577;;;;0;;;09/07/2025 11:26
Joy Sinnott;Joymsinnott@msn.com;+19709463981;;;;0;;;09/07/2025 21:23
Marta Sá;martam_sa@outlook.com;+351919580496;;;;0;;;16/06/2022 03:48
Joana Lemos;joanaribaulemos@gmail.com;+351969075237;;;;0;;;10/07/2025 10:24
Silvia D'Agostino;dagostino.silvia98@gmail.com;+393517195375;;;;0;;;10/07/2025 12:33
Manuela Marques;contactweb.nela@gmail.com;+33689898996;;;;0;;;10/07/2025 15:58
Renata Abade;renatadias1702@gmail.com;+351912718119;;2;17;2001;;;11/07/2025 08:10
Denise Basioly;;+5511997735356;f;;;0;;;11/07/2025 09:53
Ana Brito;AnaLuisabrito@gmail.coom;+351929060974;f;6;5;1970;;;11/07/2025 11:24
Liliana Pinto;lilianasgpinto@gmail.com;+351914349687;;10;4;1990;228352690;;17/01/2022 21:40
Brittany Moniz;brittanymoniz7@outlook.com;+351911163133;;;;0;;;11/07/2025 18:32
Inês Maia;inesmorgado21@ua.pt;+351967921471;f;;;0;273093274;;11/07/2025 20:37
Rosa Luis;;+12032333364;f;;;0;;;12/07/2025 12:13
Ana Pereira;anactavaresp@gmail.com;+351967000661;;;;0;227529715;;02/08/2021 09:57
Sarai Moreno;Morenosarai247@gmail.com;+351915967911;f;9;10;2004;;;13/07/2025 11:57
Reymond Flavie;flavie.dumant@gmail.com;+33651416231;;;;0;;;14/07/2025 12:43
GAUTHIER Jade;Jade.gauthier906@outlook.fr;+33663566266;;;;0;;;14/07/2025 12:51
Katia tavares;;+351929027856;f;;;0;;;14/07/2025 13:15
claire Bertin;;+33688732597;f;;;0;;;14/07/2025 15:47
Sahjal;;+920313287;f;;;0;;;14/07/2025 17:09
Rapariga Joice;;+351964070020;;20;7;1995;;;14/07/2025 17:11
Maíne Almeida;Mainealmeida9pt@gmail.com;+351969390295;;;;0;;;14/07/2025 22:48
Tarryn Westerdale;Tarrynwesterdale1@gmail.com;+351912991745;f;;;0;;;15/07/2025 10:19
tayara viana;tayara.viana@msn.com;+351939756210;;;;0;;;15/07/2025 21:33
fatima Araujo;;+351914051001;f;;;0;;;16/07/2025 15:06
fabiola vieira;Fabiolavieira3010@gmail.com;+351960005710;;;;0;;;14/07/2025 17:44
Rosa Vieira;rosacriatiano36@hotmail.com;+3519601855559;;;;0;;;16/06/2025 13:01
Cleumize Silva;;+351960210734;f;;;0;;;17/07/2025 16:40
Claudia Dias;c.dias@web.de;+4917620008683;;;;0;;;18/07/2025 13:01
Thaís Couto;;+351935485374;f;;;0;;;19/07/2025 08:18
Adelia Figueiredo;;+351966481012;;;;0;;;21/07/2025 10:19
Jessica Damas;jessicadamas515@gmail.com;+41782281708;;;;0;;;21/07/2025 15:13
catarina veloso;catsveloso@hotmail.com;+351918931821;;;;0;;;18/11/2022 01:03
Madalena Carlos;;+351962505546;f;;;0;;;23/07/2025 12:48
Mariana Costeira;Marianabc10@hotmail.com;+351916743451;;;;0;208423095;;07/12/2021 22:16
Ophelie Rettien;rettieno@gmail.com;+33659133487;;;;0;;;23/07/2025 20:10
Cátia Tavares;catia_vct@hotmail.com;+351929027856;;;;0;;;13/05/2024 23:25
Melissa Amaro;melissa.amaro.silva@gmail.com;+491749754267;;;;0;;;25/07/2025 07:06
jaqueline;;+17605185288;f;;;0;;;25/07/2025 10:47
Ferreira tiphany;TiphanyFerreira.la@gmail.com;+33629578529;;;;0;;;25/07/2025 12:07
Claudia Bie;claudiabie766@gmail.con;+351913948148;;;;0;;;03/06/2025 17:46
ludovica gallina;;+393469560726;f;;;0;;;25/07/2025 17:54
Anabela Baltazar;;+351914692981;f;;;0;;;26/07/2025 13:58
bembele Cassandre;bembele.cassandre@gmail.com;+33679957274;;;;0;;;26/07/2025 22:03
catarina barros;Catarinabarros41@gmail.com;+352621479461;;;;0;;;27/07/2025 09:40
Joana Rodrigues;Joanar23@gmail.com;+351938929237;;;;0;;;13/01/2024 22:06
Paula Silva;paulasilva79@sapo.pt;+41762726740;;;;0;;;21/09/2023 19:41
Marli Nogueira;marli_676@live.com.pt;+351910226416;;;;0;;;28/07/2025 10:04
Jessica Damas;jessicadamad515@gmail.com;+41782281708;;;;0;;;28/07/2025 12:30
Marianne Andrada;;+351929305887;f;10;3;2009;;;28/07/2025 16:56
Marie Singh;timarie.aveiro@gmail.com;+351914425884;;;;0;;;28/07/2025 21:27
Sol Nascimento;;+351915037030;f;;;0;;;29/07/2025 12:50
Maryline;;+3510672467821;f;;;0;;;30/07/2025 13:39
Rui Daniel;;+351919371837;m;;;0;;;30/07/2025 14:58
Goncalves Justine;goncalves.damien@hotmail.com;+352621671368;;;;0;;;30/07/2025 15:39
Renata Alcântara;re.alcantara.0712@gmail.com;+351931477240;f;12;7;1986;320928934;;30/07/2025 16:52
Karen Yamamoto;Karenmayumiy@gmail.com;+351925917288;;;;0;;;20/12/2023 11:50
Jaqueline Portal;;+351966296778;f;;;0;;;30/07/2025 17:15
Anabela Oliveira;literaturaecinema@gmail.com;+351929094603;;;;0;;;06/09/2022 12:55
fanny marcos;fannymarcosleite@gmail.com;+33786740213;;;;0;;;31/07/2025 17:13
Ludmila Dos;ludmila.bds@yahoo.com;+33628534886;;;;0;;;31/07/2025 19:40
Luciana de;luciana51clementino25@gmail.com;+351964579024;;;;0;;;02/08/2025 14:03
Alice Cardoso;alicecardoso2001@gmail.com;+351919322249;f;12;15;2001;;;13/02/2025 15:44
Bonpart-Monteiro Melanie;teixeiramonteiro.melanie@gmail.com;+33611256311;;;;0;;;03/08/2025 11:14
Sienna Simoes;cecepaula444@gmail.com;+351917367440;;;;0;;;03/08/2025 13:52
Matos Sandra;Didi-joe@hotmail.com;+352691409737;;;;0;;;03/08/2025 14:23
Leticia da Rocha;;+3510022499897471;m;;;0;;;04/08/2025 12:15
Joana Pinto;joanacatarinapinto@gmail.com;+351918427712;;;;0;226631923;;04/08/2025 14:15
seguin caroline;sgn.caroline@gmail.com;+33682919031;;;;0;;;05/08/2025 08:51
Maria Candida;;+351969821608;f;;;0;;;05/08/2025 13:38
milly kelly;Millvkelly@gmail.com;+353894815446;;;;0;;;06/08/2025 13:21
María Belén Montoya;Memezunigam@gmail.com;+351935009210;;;;0;;;06/08/2025 14:38
Norah Cotterall;norah_cd@hotmail.fr;+33643451172;;;;0;;;05/08/2025 19:07
Laetitia Alves;Alvesleti0806@outlook.fr;+352691564079;;;;0;;;06/08/2025 21:06
Nicole Varela;nickyvarela18@gmail.com;+351923182193;;;;0;;;07/08/2025 10:24
Joana menezes;;+351918152450;f;;;0;;;07/08/2025 18:07
Alicia Blond;aliciablond@icloud.com;+33610242827;;;;0;;;08/08/2025 08:58
Ana Santos;martinsgarcia.anarita@gmail.com;+351916656785;;;;0;;;26/01/2022 08:58
Julie Zanutto;Juliezanutto@gmail.com;+33676919233;;;;0;;;10/08/2025 11:45
Jade DA;dasilvapedrojade@gmail.com;+33695308200;;;;0;;;10/08/2025 12:57
Fernanda Fernando;dasilvafernandafernando@gmail.com;+351912709539;;;;0;;;10/08/2025 22:59
isabel silva;misacc@hotmail.fr;+33663554898;;;;0;;;11/08/2025 08:49
guinet laura;laaura.guinet@outlook.fr;+33778138245;;;;0;;;11/08/2025 09:48
Ana Carvalho;;+351969839770;f;;;0;;;11/08/2025 13:22
Mariana Alves;Ftav.mariana@gmail.com;+351911921671;;;;0;;;03/03/2024 14:26
nina oska;nina.oska@icloud.com;+48502067127;;;;0;;;12/08/2025 09:41
Ana Maria Santos;;+351914792471;m;;;0;;;12/08/2025 14:35
Sheila Graciete;sheilagraciete02@gmail.com;+285 845769813;f;;;0;325483515;;13/08/2025 10:01
Catia Beatriz Da Costa;;+351965373224;f;;;0;;;13/08/2025 10:03
Teresa Reis;;+41763270910;f;;;0;;;13/08/2025 10:28
Raquel Castelo;raquel.v.casteloo@gmail.com;+351961167334;;;;0;273401882;;13/08/2025 14:35
Marisa Tomuta;;+4917646568137;f;;;0;;;13/08/2025 16:29
Rafaela Santos;rafaelastona803@gmail.com;+351928283284;f;11;21;2000;314369333;sin desprendimiento con andreia;13/08/2025 17:51
freitas sandra;sandrafreitas@hotmail.fr;+33615131411;;;;0;;;14/08/2025 14:25
Margarida Génio;margaridagenio@gmail.com;+351931445229;;;;0;;;15/08/2025 19:35
Alice Alho;alice.alho.25@gmail.com;+351915365807;;;;0;;;16/08/2025 09:25
Andreia Vitória;atvitoria@hotmail.com;+351966653943;;;;0;;;16/08/2025 09:27
Vera Medeiros;medeirosveralidia@gmail.com;+351918855694;f;;;0;256376123;;16/08/2025 14:06
Margo da Sillva;;+33781146881;f;;;0;;;16/08/2025 17:47
Myrelle Sabino;myrellemsabino@gmail.com;+351962650366;f;9;9;1998;314870512;;06/06/2024 13:13
Marta Silva;martafvieira.96@gmail.com;+351913122854;;;;0;268058997;;17/08/2025 15:07
Sara Pais;saraprodrigues34@gmail.com;+351931921710;;12;28;2006;;;17/08/2025 15:50
Maria Pais;mjpais2011@gmail.com;+351923190459;;;;0;;;17/08/2025 15:50
Rouyer Lola;rouyern@gmail.com;+33661006576;;;;0;;;17/08/2025 16:09
Maria Cardoso;tenreiro.maria@gmail.com;+351962403549;;;;0;;;17/08/2025 18:22
Cindy Martins;cindymartins1504@gmail.com;+352691817239;;;;0;;;17/08/2025 18:28
silva maryline;maryline.silva@hotmail.fr;+33603339493;;;;0;;;18/08/2025 14:29
Uma Valas;kaylakrancic@gmail.com;+38668627516;;;;0;;;18/08/2025 17:40
Sanja Lesjak;sanja.katarina.lesjak@gmail.com;+38664221182;;;;0;;;18/08/2025 17:41
Bruna Lemos;;+351931395609;f;;;0;;;18/08/2025 18:00
Jafeth Monteito;monteirojafeth@gmail.com;+351966709700;;;;0;;;18/08/2025 19:17
Abby Gonzalez;Perguntabi@gmail.com;+351920320183;;;;0;;;18/08/2025 19:18
Itziar Uriarte;delitzi@hotmail.com;+351610745649;;;;0;;;18/08/2025 22:25
Elisabete Rios;rios.elisabete@outlook.com;+352691257410;;;;0;;;07/08/2025 07:06
Sara Estera;estera.sara@yahoo.es;+34675876312;;;;0;;;20/08/2025 07:52
Leonor De;leguineau@gmail.com;+33621122544;;;;0;;;20/08/2025 15:57
Tatiana pareja;;+351938199352;f;;;0;;;20/08/2025 16:36
Vanessa pereira;Vanessa_p1994@hotmail.com;+351910001616;;;;0;;;06/05/2022 10:18
Carmen Amaral;carmen.amaral@sapo.pt;+351966631316;;;;0;;;30/05/2024 15:36
Rita Lima;rita.sl.2589@gmail.com;+351964315987;f;5;21;2002;;;16/07/2024 20:52
Tatiana Marussig;tatimarussig@hotmail.com;+351925853213;f;;;0;;;12/01/2025 15:19
Beatriz Silva;beatriz.silva@live.com;+351912817101;;;;0;229223761;;08/06/2023 10:28
Mariana Vieira;marianapv.2006@gmail.com;+351966772527;;;;0;206451040;;22/08/2025 11:16
Elisabethe Natalio;;+351912935751;f;;;0;;;22/08/2025 17:33
Olivia SAINT-MARTIN;stmolivia@outlook.fr;+33769730358;;;;0;;;22/08/2025 17:42
Assunçao Moratalla;asuntm6@gmail.com;+41799442058;;;;0;;;23/08/2025 07:31
Luz Silva;;+351936460779;f;;;0;;;23/08/2025 14:17
Liset Sanchez;;+46720320092;f;;;0;;;23/08/2025 17:26
santiago mathilde;Mathilde.santiago@icloud.com;+33631226526;;;;0;;;23/08/2025 17:42
Gaelle Guillot;gaelleguillot974@gmail.com;+33650367911;;;;0;;;24/08/2025 03:18
Marques Micaela;miicaela@hotmail.fr;+41797396369;;;;0;;;24/08/2025 15:34
Carla Sanchez;;+351913951417;f;;;0;;;24/08/2025 21:22
julia brasil;Juliabrasillepore68@gmail.com;+351929342765;;;;0;;;16/11/2023 18:01
Carla Simoes;;+351913734034;f;;;0;;;25/08/2025 09:13
Leame guesdon;;+33768244310;f;;;0;;;25/08/2025 11:54
Paula Andressa;paula_oconski@hotmail.com;+35142998664052;;;;0;;;25/08/2025 12:42
Catarina Gomes;;+351939972653;f;;;0;;;25/08/2025 14:53
Ivelisse Gomes;;+584126242292;f;;;0;;;25/08/2025 15:21
Marisa Tomuta;tomutamarisa198@gmail.com;+4917646568137;;;;0;;;25/08/2025 20:47
Hansa Hanif;hansahanifh@gmail.com;+351917919435;;;;0;;;26/08/2025 10:56
Joana Vieira;joanaipvieira77@gmail.com;+351913380332;;;;0;;;17/08/2025 20:11
Maria Da;mariapfsilva9@gmail.com;+351935328442;;;;0;294079068;;02/02/2023 12:19
Gift card;;+351915814100;f;;;0;;;26/08/2025 15:07
Ines Cardoso;;+351911086614;f;;;0;;;27/08/2025 08:29
Patrícia Cavadas;patriciacavadas10@gmail.com;+351914988411;;;;0;;;13/06/2024 16:15
Ingrid Ribeiro;;+5585986584432;f;;;0;;;27/08/2025 14:07
Bruno Dinis;margaridamartins032@gmail.com;+351913130566;;;;0;;;29/11/2022 23:17
Sophia B;;+351960277913;f;;;0;;;27/08/2025 14:42
Ana luisa;analuisabrito@gmail.com;+351929060974;;;;0;;;27/08/2025 18:49
Soraia Ferreira;soraia3331@gmail.com;+351929391348;;;;0;;;29/08/2024 10:42
Coline Morisse;;+336676527;f;;;0;;;29/08/2025 10:11
Elisabete Ventura;castelo.be@gmail.com;+351919528886;;;;0;163961395;;29/08/2025 12:14
Ana lucia;;+351938449303;f;;;0;;;30/08/2025 13:43
Adelino morgado;adelino.morgado@hotmail.com;+351911947210;;;;0;;;30/08/2025 14:13
adriele sousa;adrielevieiradesousa998@gmail.com;+3519293050822;;;;0;;;31/08/2025 10:00
Solene Volz;solenevolz@hotmail.com;+351915450677;;;;0;;;31/08/2025 17:13
Isabely Tenorio;;+351912356509;;;;0;;;31/08/2025 17:37
Sandra  Ponte;sandrafartura@gmail.com;+351912758965;f;7;2;0;;;24/06/2024 11:34
Sofia Ferrão;sofia_slcf10@hotmail.com;+351964872637;;;;0;;;01/08/2021 22:31
Isabel Vale;;+351917910527;f;;;0;;;01/09/2025 16:16
Tania Rodrigues;tanixa_r@hotmail.com;+352691863371;;;;0;;;24/08/2024 15:11
bianca gabrilvalle;;+34643117922;f;;;0;;;02/09/2025 11:56
Carmina Santos;carminasantos2009@gmail.com;+351961689319;;;;0;;;28/12/2020 16:00
Sara Marques;saramota700@gmail.com;+352621612121;;;;0;;;02/09/2025 19:16
Camila Santos;camilaverdedosantos@gmail.com;+351913717079;f;;;0;;;02/09/2025 22:56
Ana Borges;gil350gt@gmail.com;+35101745496245;;;;0;;;10/12/2023 08:52
Ana Paula Silva;;+351914088972;f;;;0;;;03/09/2025 10:35
Mia Siemele;;+4915172901903;f;;;0;;;03/09/2025 14:10
Maíne Almeida;Mainealmeida9pr@gmail.com;+351969390295;;;;0;;;03/09/2025 22:10
Regina Goossem;;+31623093516;f;;;0;;;04/09/2025 09:14
Estrella lopez;;+34638137820;f;;;0;;;04/09/2025 14:19
Paula Suena Capdevila;;+34633584923;f;;;0;;;05/09/2025 18:00
Marieli Dias;marielidias86@gmail.com;+351937448992;f;;;0;301929998;;05/09/2025 20:00
Diana Chaves;dianachlopes@gmail.com;+351963431081;;;;0;;;06/09/2025 07:44
Viviane Amorin;viviana.amorin141@gmail.com;+351961010955;f;;;0;300482493;;06/09/2025 11:18
Maria Mouta;maria.mouta.jesus@icloud.com;+351968668085;;;;0;;;10/05/2023 20:03
Ana Catarina Andrade;anandrade41@gmail.com;+351926222667;f;8;22;1999;;;04/11/2024 09:43
Inês Carlos;inescc6504@gmail.com;+351917875672;;;;0;;;20/05/2025 15:59
Carolina Montenegro;carol.mtg0@gmail.com;+351914860169;;;;0;;;19/01/2023 18:11
kemili Santos;;+351935709591;f;;;0;;;08/09/2025 15:48
kemilinSantos;;+351935709591;f;;;0;;;08/09/2025 16:00
Carolina Osório;carolina.osorio0008@gmail.com;+351910588208;;;;0;;;08/09/2025 16:45
Raquel Cardoso;raquelmatster@gmail.com;+351965551424;f;;;0;;;08/09/2025 19:55
Maria Elena Eduardo;mariakilombo544@gmail.com;+351934335624;f;;;0;326268120;;09/09/2025 10:49
Miriam limas;;+351926324488;f;;;0;;;09/09/2025 15:37
Yasmin Costa;Yasmincosta202031@gmail.com;+351932047588;;;;0;;;22/07/2023 16:30
Sirouet Manon;sirouetmanon@gmail.com;+33762482060;;;;0;;;10/09/2025 22:14
FERNANDES Catia;Catia.frds@gmail.com;+33632332597;;;;0;;;11/09/2025 03:17
fernanda pinzon;Mariapinzon1006@gmail.com;+351920008343;;;;0;;;11/09/2025 12:00
Karina Matos;;+351969842014;;;;0;;;11/09/2025 20:20
Lin loomis;slonsdale017@gmail.com;+31681795920;;;;0;;;11/09/2025 21:53
Vickilee Kingsley;vickileekingsley@gmail.com;+447462355003;;;;0;;;12/09/2025 08:38
Lola Martínez;;+352661414055;f;;;0;;;12/09/2025 14:15
Cynthia Almeida;;+351929463392;;;;0;;;12/09/2025 20:19
Luana Sarinho;l.sarinho_4@hotmail.com;+351933559989;;;;0;;;17/11/2022 14:12
Betania;;+34666441612;f;;;0;;;13/09/2025 12:28
Rita Chaves;aritarchaves@gmail.com;+351916636702;;;;0;262399970;;14/09/2025 07:22
lissa;;+351000000;f;;;0;;;15/09/2025 11:04
Marie-lou Bernard;marieloubernard6@gmail.com;+33617762096;;;;0;;;15/09/2025 12:37
yaneth gomez;yanethgomes968@gmail.com;+351917710449;;;;0;;;05/04/2025 14:49
Danielle Margaux;;+351935669697;f;;;0;;;16/09/2025 12:30
Anabela Carvalho;bastoscarvalho75@gmail.com;+351934156715;;;;0;;Sra cool amiga de sofia prima de Vero ;16/09/2025 13:12
Catarina Martins;;+351910045272;f;;;0;;;17/09/2025 10:25
Luana Borges;;+351960306534;f;;;0;;;17/09/2025 11:01
Alves Melanie;Alvesmelanie07@icloud.com;+352661953012;;;;0;;;17/09/2025 12:11
Ágata silva;casilenelopes87@gmail.com;+351912449698;;;;0;;;06/03/2025 14:53
Iris Jattu;iris.jattu@gmail.com;+358445545586;;;;0;;;17/09/2025 19:49
Eleonora Gea;geapiccardi@gmail.com;+351920370408;;;;0;;;17/09/2025 20:00
Rocio Eguillor Alvarez;;+34666772042;f;;;0;;;18/09/2025 09:48
Luísa Ferreira;Luisagamaferreira@gmail.com;+351960498647;;;;0;;;05/07/2023 23:59
diana canhoto;Litomeli.cl@gmail.com;+351968300659;;;;0;;;18/09/2025 17:09
Joana Gomes;joanamarcalgomes21@gmail.com;+351928051682;;;;0;;;19/09/2025 13:39
Inês Ladeiro;inessladeiro@gmail.com;+351910202573;;;;0;;;15/09/2025 14:05
Rubi VIctor;;+35100000000;f;;;0;;;22/09/2025 11:56
Leonor Freitas;;+351932994684;f;;;0;;;22/09/2025 12:49
Diana Reis;Dianapcr1983@hotmail.com;+351968527123;;;;0;;;22/09/2025 14:22
Neilen Andrea Velasquez;;+351913980373;f;;;0;;;22/09/2025 18:57
vika;;+3510000000;f;;;0;;;23/09/2025 13:13
Gianna Zeyns;Gianna.zeyns@gmail.com;+4915750411866;;;;0;;;23/09/2025 14:55
Lisset Aracelly Murillo;liss.Murillo78@gmail.com;+351? 916 995 052?;f;;;0;314821180;;23/09/2025 15:05
Germana Avila;;+351914692981;f;;;0;;;23/09/2025 16:29
Isabela Souza;Isabelahausmann@gmail.com;+351927176287;;;;0;;;23/09/2025 16:39
Matilde Lajes;matildelajes1812@gmail.com;+351961100669;f;12;18;2006;;;24/09/2025 09:44
Sara Silva BIRD;sara@sarabirdtattoo.com;+351925816645;f;;;0;;;24/09/2025 23:17
Matilde Castro;matilde.rolaocastro@gmail.com;+351938855833;f;8;24;2006;;;22/09/2025 09:19
Nalanda Elias;barbosanalanda@gmail.com;+351961868931;;;;0;328802670;;25/09/2025 11:33
Rute Forte;rutefsousa1@gmail.com;+351912219458;;;;0;;;27/02/2024 23:33
silvia fernandez;silvia.fc2003@gmail.com;+34638015273;;;;0;;;25/09/2025 14:08
Jessika Francisco;;+0017327894128;f;;;0;;;26/09/2025 09:11
Dora Teles;;+351969798788;f;;;0;;;26/09/2025 11:08
Margarida Brás;mandelasara17@gmail.com;+351930530457;;;;0;;;26/09/2025 12:12
Ana Clara Garcia;Anaclaragarciarodrigues2019@gmail.com;+351915880238;;;;0;;;26/09/2025 18:01
Esmeralda Ferreira;esmeferreira2022@gmail.com;+351961421112;;;;0;;;19/05/2025 11:59
Ana Rita;arcc1998@gmail.com;+351919967233;;;;0;;;19/01/2023 10:03
shirin bahadir;SirinBahadir@gmail.con;+4917681247649;;;;0;;;29/09/2025 13:59
Ladine carvalho;Ladinebritocv@gmail.com;+351929230162;;;;0;308529677;;29/09/2025 14:58
Jessica Lopes;;+351912109241;f;;;0;;;29/09/2025 15:38
karla vecchio;Karlagoncalves724@gmail.com;+351915501687;;;;0;;;30/09/2025 15:58
milangeluz guerra;Guerramilangeluz@gmail.com;+351918157226;;;;0;;;30/09/2025 18:02
Margarida Carvalho;margaridacarvalho512@gmail.com;+351911879041;;;;0;;;01/10/2025 13:24
Joyce Miranda;joycemirandaschmitt@gmail.com;+351910528042;f;11;28;1989;;;01/10/2025 14:09
Valentina Corredor;Valeria03Corredor@gmail.com;+351912872454;f;9;3;2003;;;01/10/2025 14:13
Kely Hernández;kelysofii@gmail.com;+351933970540;;;;0;;;23/05/2024 18:28
Melisa Saraiva;;+5511964924990;f;;;0;;;01/10/2025 19:21
Anny Priolle;annypriolle556@gmail.com;+351966135679;f;;;0;333198255;;02/10/2025 16:56
Licinia Pires;;+351962978985;f;;;0;;;03/10/2025 11:05
Marisa Duarte;marisa.ddcardoso@gmail.com;+351935161755;f;;;0;256836922;;25/11/2023 17:51
Monica Sousa;iza.monica14@outlook.com;+351932081266;;;;0;;;13/10/2023 22:10
Erika Jones;erikajones2327@hotmail.com;+12267879902;;;;0;;;06/10/2025 14:39
Paola Gomez;Pg062343@gmail.com;+351913189864;f;;;0;322299292;;07/10/2025 09:28
Razieh Yar;Razieh.yrm@gmail.com;+4915202871501;;;;0;;;08/10/2025 03:50
sofia sousa;sofia.rps@gmail.com;+351916897415;f;;;0;222262400;;08/10/2025 10:41
Catalina Dubal;;+351913437636;f;;;0;;;08/10/2025 14:25
rieke schneider;;+35100000001;f;;;0;;;08/10/2025 14:44
Shona Apostolatos;shona@apostol.com.au;+61410757969;;;;0;;;09/10/2025 11:12
sidalia perez;;+351918652892;f;;;0;;;10/10/2025 08:07
Veronica Yoshinari;veronica.brandao@gmail.com;+351910754930;;;;0;297635417;;06/01/2022 16:30
Beatriz Ferreira;beatrizpinheiroferreira@hotmail.com;+351911528094;;;;0;;;10/10/2025 16:00
Julia Efczynska;juliaefczynska@gmail.com;+48505485700;;;;0;;;11/10/2025 10:05
Margarida Rodrigues;margarigues@hotmail.com;+351917660698;f;;;0;232047898;;15/01/2025 12:35
vercasson allison;xallison-x@live.fr;+351928281129;;;;0;;;11/10/2025 12:41
Adneide Paula;adneidyk@gmail.com;+351926642870;f;;;0;330091107;;11/10/2025 17:22
Teresa Dennenwaldt;wuerzen-korpora.3f@icloud.com;+41767411472;;;;0;;;12/10/2025 10:55
luana gonçalves;Gonluana1@gmail.com;+351938458076;;;;0;;;13/10/2025 17:53
irani moreno;Nysouzamoreno@hotmail.com;+351926598229;;;;0;;;02/12/2021 17:37
karina Matos;Matoskarina1990@gmail.com;+351969842014;f;;;0;298670828;;14/10/2025 15:06
Celeste Cardoso;;+351965281218;f;;;0;;;13/08/2025 09:34
Oliwia Mackiewicz;oliwia.mackiewicx00@gmail.com;+48664582100;;;;0;;;15/10/2025 08:52
Renato Pina;Pina_renato@hotmail.com;+351912774856;m;11;13;1990;;;15/10/2025 08:55
Melissa Rodriguez;melyrodrigz@gmail.com;+351932155182;;;;0;;;15/10/2025 17:48
Ana Alves;anajojoalves@gmail.com;+351910049412;;;;0;;;15/10/2025 19:24
Helena Mouta;helena.mouta@hotmail.com;+351917708902;;;;0;;;06/01/2025 14:21
Laiane Fernandez;;+351913713548;;;;0;;;15/10/2025 20:08
Luiz Francisco;;+351923173874;m;;;0;;;17/10/2025 14:47
catarina gomes;catarinaagl@gmail.com;+41768231776;;;;0;;;25/08/2025 20:00
Andreia Almeida;apradosilva@sapo.pt;+351917685813;m;;;0;260661317;;18/10/2025 13:41
Liliana neves;ninah1@live.com.pt;+351910218896;;;;0;;;18/10/2025 23:44
Elaine Cristina;Elaine_cristina2019@yahoo.com;+351913997538;f;8;7;1994;;;20/10/2025 08:48
Letícia Oliveira;leticia220899@gmail.com;+351911571874;;;;0;;;07/10/2024 11:48
diana ferreira;dianapratasferreira@gmail.com;+351936637444;m;;;0;;;21/10/2025 13:09
Celia Resende;;+0669453155;f;;;0;;;22/10/2025 09:48
Lisa marcos;lisamarcosleite@gmail.com;+33646871690;;;;0;;;23/10/2025 18:53
Liliane Cassiano;liliane.cassianoc@yahoo.com.br;+351936427863;;;;0;;;07/12/2022 22:43
Daniela Cunha;dccunha97@gmail.com;+351913140443;;;;0;;;24/10/2025 08:58
Mariana Costa;marianafontecosta@gmail.com;+41768128371;f;;;0;;;01/12/2021 20:41
Ana Cristina Lourenço;;+351925120400;f;;;0;;;24/10/2025 13:14
lea Koch;Lea.koch.4@web.de;+4915784442687;;;;0;;;24/10/2025 14:49
Danielle Bandeira;danielle.bandeira@ufpe.br;+351931471961;;;;0;;;25/10/2025 01:42
Ines Ribeiro;inesaaribeiro0@gmail.com;+351969033610;;1;12;1995;264024869;;25/10/2025 16:13
Eugenia fonte;;+0041788098734;f;;;0;;;25/10/2025 17:07
Vanessa Costa;Vanessa.costaeduca92@gmail.com;+351912374283;f;12;21;1992;;;26/10/2025 14:36
Julliana Santos;jullianalimasantos@gmail.com;+351911774512;f;;;0;318106841;;26/10/2025 20:07
Yaxuan Wu;294878031@qq.com;+351912252130;;;;0;;;27/10/2025 13:02
Mari Navas;phaponmaryx@gmail.com;+351925447517;m;;;0;;;27/10/2025 15:28
joana Soussa;;+351937030938;f;;;0;;;28/10/2025 13:20
Sara Ribeiro;sara_ribeiro_@hotmail.com;+351918207337;;;;0;;;28/10/2025 14:39
Pinja Pennanen;pinja.pennanenn@gmail.com;+358409628686;;;;0;;;28/10/2025 15:41
Emy Rita;;+351938282910;f;;;0;;;28/10/2025 16:03
Lesbia de;melanypdl@gmail.com;+351926137902;;;;0;;;29/10/2025 08:39
BERTA CAMILE;BETA.CAMILE@GMAIL.COM;+351917291384;f;5;25;1971;200997823;;29/10/2025 11:20
Alessia;;+393342061538;f;;;0;;;29/10/2025 11:40
Valentina Satiro;valentinazoefrancelinobraga@gmail.com;+351967409744;;;;0;;;30/10/2025 13:38
Sol braga;Solcarvalho1909@gmail.com;+351967409641;;;;0;;;30/10/2025 13:57
Lucia Pistono;;+351923376931;f;;;0;;;02/11/2025 19:28
Neuza veiga;neuzarocha537@gmail.com;+351926466557;m;;;0;;;03/11/2025 09:40
Jerónimo Gonçalves;;+351916419498;m;;;0;;;03/11/2025 09:55
Ana Correia;;+351916690731;f;;;0;;;03/11/2025 11:26
Josse Annalisa;josseanna3@gmail.com;+33695424599;;;;0;;;03/11/2025 13:16
loline fornalik;lol31.xd@gmail.com;+33770418712;;;;0;;;03/11/2025 13:18
Jade Arguel;jade.arguel@gmail.com;+33671593484;;;;0;;;03/11/2025 13:18
Rosabel Dos Santos;;+351910601113;f;;;0;;;04/11/2025 11:37
Dumenil Rachel;rachelimboden@hotmail.com;+41799530163;;;;0;;;04/11/2025 13:33
Paula Vasconcelos;Paula.vasconcelos2@gmail.com;+351962653237;m;;;0;196353947;;04/11/2025 14:01
Alexandra Curci;;+4915206118942;f;;;0;;;04/11/2025 16:37
maria eduarda;;+351965761218;f;;;0;;;05/11/2025 13:14
Jimmy Ng;jimmyct.com@live.com;+351968568554;;;;0;;;05/11/2025 13:42
Andréia valle;Andreiavalle@gmail.com;+351915664333;m;;;0;;;05/11/2025 13:49
Rafaela Rocha;rafaelamaltez1985@gmail.com;+351966609848;;;;0;;;06/11/2025 19:57
Carolina Almeida;carolina.almeida04@outlook.pt;+351939908061;;;;0;269438670;;22/09/2022 13:24
Kimberley Gonzalez;Kiimyg.zapateiro@gmail.com;+351969064882;;;;0;;;07/11/2025 11:55
Eduarda Mendes ;mariaeduarda13.gabriel@gmail.com;+351965761218;f;6;4;0;;;01/07/2025 14:25
Henriqueta Sousa;henriquetasousa@sapo.pt;+351965496079;;;;0;228926041;;26/01/2022 10:24
Ricardo Marques;Ricardo.jvm@gmail.com;+351925664300;m;3;12;1981;;;03/01/2024 22:39
Lisset Murillo;Liss.murillo78@gmail.com;+351916995052;;;;0;;;08/11/2025 22:01
Catarina Barreiro;catibarreiro2005@gmail.com;+351969167400;;;;0;255161263;;10/03/2024 22:05
Beatriz Vieira;beatrizdireitodasilvavieira@gmail.com;+351927356988;;;;0;;;09/11/2025 14:23
Maria Monteiro;;+351963013997;f;;;0;;;10/11/2025 16:03
Ana Marques;Anaritalmarques@gmail.com;+351962220683;;;;0;;;15/08/2021 14:50
Maria Sousa;mariamiguel.sousa@gmail.com;+351919238021;;;;0;;;04/01/2022 20:54
Sara Grønhøj;Saraelisagronhoj@gmail.com;+4581751413;;;;0;;;12/11/2025 11:11
Lara Soares;larasofiavs31@gmail.com;+351934031677;;;;0;;;12/11/2025 17:54
sabrina saban;sabrinasaban02@gamil.com;+351915614526;;;;0;;;13/11/2025 00:34
simone benini;benini355@gmail.com;+393498592544;;;;0;;;13/11/2025 10:31
alexandra guedes;Alexandraguedes123@gmail.com;+393498592544;;;;0;;;13/11/2025 11:25
Sónia Freitas;soniamcdf@gmail.com;+351963637244;;;;0;;;14/11/2025 09:58
brigida guedes;;+351928028625;m;;;0;;;14/11/2025 14:12
sofia cardoso;;+351969472732;f;;;0;;;15/11/2025 13:58
Ana Palmeira;apalmeira1@gmail.com;+351918628320;f;;;0;;;30/04/2022 12:20
Nina Gonzalez;;+447841435057;f;;;0;;;19/11/2025 14:44
janiele de Souza;;+32470124301;f;2;24;1992;;;19/11/2025 14:59
Helena Martins;helena.r_10@hotmail.com;+351963689832;;;;0;;;19/11/2025 21:48
Margarida Mesquita;mesquita.margarida29@gmail.com;+351911941734;f;5;29;1999;;;20/11/2025 00:14
alenia bernartino;aleniabernardino628@gmail.com;+351925991791;m;;;0;;;20/11/2025 12:05
Anastasiya Nemish;Anastasiyanemish@gmail.com;+351925774997;;;;0;;;15/11/2025 15:57
miosoty porto;Sotyporto@hotmail.com;+351933918869;;;;0;;;21/11/2025 09:37
Tatiana Pereira;;+351913992096;f;;;0;;;21/11/2025 09:52
Elisabete Mesquita;;+351961218333;f;;;0;;;21/11/2025 12:16
Justine Cotiam Co;;+351928434526;f;;;0;;;21/11/2025 18:45
joel martins;;+351912222087;f;;;0;;;21/11/2025 19:16
Mariana Miranda;marianasoutomiranda@gmail.com;+351912491235;;;;0;245101209;;22/11/2025 07:25
lucy montero;;+351920652504;f;;;0;;;22/11/2025 11:19
Vânia da;vanialudasilva96@gmail.com;+351938477360;f;3;7;1996;325484180;;22/11/2025 12:58
Bruna Merendeiro;merendeirobruna@gmail.com;+351910407322;f;12;30;2000;;;02/02/2024 00:53
Maria Dias;mariadias25.10.01@gmail.com;+351935400895;f;10;25;2001;;;23/11/2025 23:27
Jéssica Simões;jessicanascimentosimoes1999@gmail.com;+351917021549;;;;0;;;19/11/2020 12:29
Inês Queiroz;iinesqueiroz@gmail.com;+351933749350;;;;0;;;24/11/2025 11:55
Luciana Costa;tudodecor.luciana@hotmail.com;+35925853294;;;;0;;;24/11/2025 15:51
Ludmilla;ludmilapromessa15@gmail.com;+351914182256;;;;0;308391675;;25/11/2025 10:55
Ana Sousa;;+351911542566;;;;0;;;25/11/2025 11:21
Carla Simao;;;f;;;0;;;25/11/2025 15:56
Danielle Bandeira;bandeiradanielle6@gmail.com;+351931471961;;;;0;;;25/11/2025 17:02
Oriana Gonçalves;orianasilva1415@gmail.com;+351961368513;;;;0;;;25/11/2025 20:30
Paula Colon;;+351910741012;m;8;14;2004;;;27/11/2025 14:17
Maria do Ceu;dikirsh@hotmail.com;+351964553650;f;;;0;182418707;;27/11/2025 17:21
Teresa Morgado;Teresa23_morgado@hotmail.com;+351969256597;;;;0;;;01/08/2024 15:13
Carla Pereira;carladpereira82@gmail.com;+351936243225;m;;;0;;;28/11/2025 13:11
Evellin Fraccaro;Evellinfraccaro@gmail.com;+351933833316;;;;0;;;29/11/2025 11:57
Carla Martinho;;+351914026373;f;;;0;;;29/11/2025 15:13
taisa romeira;taisaromeira18@gmail.com;+351928316647;;;;0;;;22/10/2025 12:27
Elisangela Cardoso;Elisangela.fpacardoso@gmail.com;+351965221118;;;;0;;;29/11/2025 19:06
Sophia;;+306985621611;f;;;0;;;29/11/2025 20:05
sophia Katsaiti;;;m;;;0;;;29/11/2025 20:07
Ana Marques;a_anamarques@hotmail.com;+351913038298;f;3;8;1993;232466564;;28/10/2025 13:00
Claudia Godinho;godinhoana2@gmail.com;+351966789566;m;;;0;216227674;;07/08/2023 18:11
Matilde Oliveira;matildesilveiraoliveira@gmail.com;+351912009985;;;;0;;;29/11/2025 23:17
Carolina Silva;carolinacabral19.22@gmail.com;+351910790485;f;1;7;2003;;;30/11/2025 13:16
Sofia Pedro;sofiaramospedro3@gmail.com;+351914044159;;;;0;;;10/01/2025 21:09
Sofia Duarte;sofia_duarte92@hotmail.com;+351911007422;;;;0;;;01/12/2025 12:37
Ana Santos;anabsantos694@gmail.com;+351964150507;;;;0;;;01/12/2025 15:46
Kinga Krokosz;kinga.krokosz@gmail.com;+48788049035;;;;0;;;29/11/2025 13:10
Isabelle Souza;isabellelopes2011@live.com;+351968032003;;;;0;;;02/10/2024 13:16
Serena Slenk;Sereslenk16@gmail.com;+351933226496;f;8;3;2000;;;23/03/2024 23:22
Isabel Mavona;isabelmavona123@gmail.com;+351935491081;f;;;0;250459043;;03/12/2025 09:09
Jessica Cabrera;jcabrera_237@hotmail.com;+351911914767;f;7;23;1981;334602106;;03/12/2025 09:35
Daniela Rei;danielarei@me.com;+351919054326;f;12;8;1989;259487651;;04/12/2025 21:58
carolina nogueira;cbjnogueira@gmail.com;+351928118980;f;;;0;293673373;;05/12/2025 10:33
monica gomez;Chuiquigarcia@gmail.com;+351913172048;;;;0;;;05/12/2025 12:32
Andrea Mata;isabenavax@gmail.com;+351920086520;;;;0;;;30/08/2025 13:10
Ewi Huizing;ewihuizing@gmail.com;+31617297990;;;;0;;;06/12/2025 13:56
Margarida Marques;Margaridam0713@gmail.com;+351919394807;;;;0;;;06/12/2025 14:29
Inês Neves;nevesines881@gmail.com;+351939972653;;;;0;;;22/04/2025 17:48
Mariana Guerra;mariana_guerra7@hotmail.com;+351913541792;;;;0;;;28/01/2025 19:45
Maria Lavinia;marialaviniap1@gmail.com;+351918573077;;;;0;;;08/12/2025 16:59
Adriana Pimenta;adrianaop.2004@gmail.com;+351918632749;f;;;0;257311190;;08/12/2025 17:15
Palmira;;+351962739986;m;;;0;;;10/12/2025 17:01
Mariana  Paiva;marianapaiva96025@gmail.com;+351914669519;;;;0;;;17/01/2025 07:49
Marta Santos;martabdsantos02@gmail.com;+351969158339;;;;0;;;11/12/2025 14:55
Maria Neiva;neivasantos.maria@gmail.com;+351915440250;f;12;17;1999;;;20/11/2025 13:15
Mercedes Fernandes;mercedesconangla@gmail.com;+351935072466;;;;0;;;12/03/2021 16:21
raquel batista;raquel.alexandra.batista@gmail.com;+351916950390;;;;0;;;12/12/2025 17:56
Ingrid Mei;ilovetrastevere@gmail.com;+393807583995;;;;0;;;15/12/2025 13:41
claudia santos;;+351920744893;m;;;0;;;15/12/2025 17:05
Simona Chukarska;Simona.chukarska@live.com;+4915510052953;;;;0;;;16/12/2025 11:55
Thiago Lemon;Thiagolemontattoo@gmail.com;+351910649560;;;;0;;;16/12/2025 18:03
Rolanda Cunha;;+351960273765;f;;;0;;;16/12/2025 18:30
Oriana Diazz;Nazarethdiazguerra@gmail.com;+351923125399;f;12;1;2006;;;18/12/2025 13:22
lucrecia guima;;+3519993406604252;f;;;0;;;18/12/2025 13:44
Luisa Lin;1799201229@qq.com;+351931375560;;;;0;;;19/12/2025 08:53
Qing Gu;qinggu@ua.pt;+351931375556;;;;0;;;19/12/2025 09:03
Burcin Oktem;;+351910957521;m;;;0;;;19/12/2025 09:50
Ana Catarina Fernandes;anacatarinasf.2005@gmail.com;+351928155814;;;;0;;;02/01/2024 23:20
Ana Araujo;ananoemiaaraujo97@gmail.com;+351912845309;f;;;0;;;20/12/2025 14:28
Gabriela Teichmann;gabiteichmann04@gmail.com;+351964194342;;;;0;;;22/12/2025 13:00
Chistabel Okoli;;+351922001616;f;;;0;;;22/12/2025 18:51
Cristabel Okoli;;+351922001616;f;;;0;;;22/12/2025 19:48
Ana Clara Marques;acmarques.am12@gmail.com;+351917140103;;;;0;;;22/12/2025 19:52
Raquel Carvalho;carvalhoraquel39@gmail.com;+41799252690;f;;;0;;;22/12/2025 20:50
Katherin;;+351932819106;m;;;0;;;23/12/2025 03:04
Dionnibeth Alvarez;Dionni.alvarez.garcia@gmail.com;+351933557074;;;;0;;;23/12/2025 17:45
Ricardo Monteiro;ricardomonteiro6033@gmail.com;+351936859521;f;;;0;226981568;;26/12/2025 11:42
marisol magueta;marisol_magueta@hotmail.com;+351939533363;;;;0;;;26/06/2025 13:21
lucile miquet;lucile.miquet77@gmail.com;+33610109932;;;;0;;;26/12/2025 17:47
Liliana paulo;;+351910001616;m;;;0;;;26/12/2025 18:03
Thea Cho;t.cho0906@gmail.com;+14384087561;;;;0;;;14/04/2023 20:07
Sandra Oliveira;Styna@live.co.uk;+447891781255;;;;0;;;27/12/2025 20:54
Mariana Perna;marianafperna@gmail.com;+351965593794;;;;0;;;04/10/2025 10:32
Andre pereira;;+351927749925;m;;;0;;;29/12/2025 13:33
paula fernandes;;+351913687525;m;;;0;;;29/12/2025 14:29
Yuliana Alexandra Colmenares;Colmeyulia0405@gmail.com;+351916647396;f;;;0;326853790;;29/12/2025 16:20
Carla Pereira;Carladpereira82@gmail.com;+351936243225;;;;0;;;01/01/2026 22:16
Renata Figueiredo;re.figueiredo.0712@gmail.com;+351931477240;;;;0;;;02/01/2026 10:18
Filipa Barbosa;filipabarbosa30@hotmail.com;+351910560335;;;;0;;;23/01/2025 17:48
Dagmara Haniecka;dagi04@interia.pl;+48608804446;;;;0;;;05/01/2026 17:55
Mabilia Condesso;Mabcondesso@gmail.com;+351962850108;f;;;0;171923588;;05/01/2026 18:36
Dagmara Haniecka;haniecka.dagmara@interia.pl;+48608804446;;;;0;;;05/01/2026 19:21
Daniela Nunes;daniela.a.nunes11@gmail.com;+351926508131;f;;;0;263652203;;05/01/2026 23:56
Chabeli Appelman;chabeliappelman@gmail.com;+351911024512;;;;0;;;05/12/2021 09:21
Maria oliveira;dudadeoliveira37@gmail.com;+351934742506;;;;0;;amiga de oriana, trabaja con ella;14/12/2025 21:00
Isa silva;its.me.isa.mara@gmail.com;+351926654630;f;4;8;2003;;;08/01/2026 01:02
catia oliveira;Catiaoliveira044@gmail.com;+41787300981;;;;0;;;08/01/2026 12:56
Nayibe Ferreira;ferreira.nayibe25@gmail.com;+351917587045;;;;0;;;09/01/2026 20:02
Nataliya Pereira;nataliyanchyk@gmail.com;+351967276020;f;5;7;1989;255288344;;21/05/2021 16:06
Andrea Bethel;;+351934800710;f;;;0;;;10/01/2026 17:21
Gilda Rico;gilda.rico1@gmail.com;+351930679191;f;1;20;1972;298666090;;10/01/2026 17:23
Vitor Silva;;+33658263250;m;;;0;;;11/01/2026 12:07
Raquel Costeira;raquelandrecosteira@gmail.com;+351912358496;;;;0;217059384;;09/06/2024 18:35
Daniela Costeira;danielacosteira.94@gmail.com;+35191338604;;;;0;;;14/02/2024 17:55
Ana esgueira;;+351932371471;f;;;0;;;12/01/2026 10:45
Iris De Freitas;;+351934699068;f;;;0;;;12/01/2026 12:11
Brenda Alves;brendaalves264@gmail.com;+351964697667;;;;0;;;12/01/2026 17:31
cristiana martins;Crisricard2000@gmail.com;+351911106280;;;;0;;;12/01/2026 22:57
Sara Marques;saralolasars123444@gmail.com;+352621612121;;;;0;;;13/01/2026 04:36
elisa mota;lisadalmeida@hotmail.com;+351933499034;;;;0;;;13/01/2026 11:11
Inês Azevedo;inesmateusazevedo@gmail.com;+351917345992;f;;;0;258403870;;13/01/2026 14:27
Marta Cura;mvieira.c@gmail.com;+351935720810;f;;;0;;;13/01/2026 15:11
Constança Miranda;constancamiranda02@gmail.com;+351939717230;;;;0;;;13/01/2026 22:52
Julia Santos;Sigajuliascharlack@icloud.com;+351912214619;;;;0;;;14/01/2026 14:07
Eliete Neves;;+351930633525;f;;;0;;;14/01/2026 16:40
Maria Isabel Nunes;;+351913921256;f;;;0;;;14/01/2026 19:08
Rachel Parisi;raquel78@mac.com;+33640586828;;;;0;;;02/01/2026 16:49
Nidia Costa;nidia-costa7@hotmail.com;+351960423163;f;8;1;1991;;;13/09/2021 15:40
Vidmar Rodrigues;;+351911845866;f;;;0;;;17/01/2026 15:42
Marta Ferreira;Marta.oliveira.ovar@gmail.com;+351932812533;f;;;0;241663636;;07/09/2025 22:03
Roberta Ferrer;;+351?915 520 461?;f;;;0;;;18/01/2026 11:07
Daniela Santos;;+351939826362;f;;;0;;;19/01/2026 11:32
Carla Márquez;;+351917673328;f;;;0;;;19/01/2026 13:15
Melissa Santos;Melissamartins713@gmail.com;+351910823036;;;;0;;;21/01/2026 08:56
Mariana Coutinho;m.salome99@hotmail.com;+351917254618;f;4;30;1999;;;21/01/2026 10:40
Luciana de;luciana.clementino49@gmail.com;+351964579024;;;;0;;;21/01/2026 16:09
Fatima Sousa;;+351934002059;f;;;0;;;21/01/2026 16:20
Sophia Domingos;Ssdrhema@gmail.com;+351913771744;;;;0;;;13/07/2024 16:10
Isabel Nunes;mflr.nns78@gmail.com;+351913921256;f;3;9;1978;;;23/01/2026 21:39
Silvia Nunes;barbosa.fernando6@icloud.com;+491736887026;;;;0;;;23/01/2026 22:14
Sofia Serra;;+351960444023;f;;;0;;;24/01/2026 14:23
Daniela Ruiz;Lauriangeldaniela28@gmail.com;+351931929146;f;;;0;312369050;;01/08/2024 19:19
Baby Beltrao;;;f;;;0;;;25/01/2026 10:02
Conceição;;+351966306777;f;;;0;;;25/01/2026 21:26
Alice;;+351966306777;f;;;0;;;25/01/2026 21:27
Aline Nicomedes;aline.cnicomedes@gmail.com;+351932183467;;;;0;;;05/09/2025 13:14
Alessia Annicchiarico;;+393273610934;f;;;0;;;28/01/2026 17:42
Roberta Ferrer;robertalferrerb@gmail.com;+351915520461;;;;0;;;29/01/2026 05:30
Luz Marina Lopes;;+351926763873;f;2;11;1987;;;29/01/2026 12:42
Emilly Tamy;;+351932261460;;;;0;;;29/01/2026 14:21
Daphné Marguerie;marguerie.daphne.1905@gmail.com;+33771829352;;;;0;;;29/01/2026 15:52
Rita Ewela;reytahojo@gmail.com;+351916850230;f;;;0;;;30/01/2026 12:39
Jane Basilio;janebasiliof@gmail.com;+351924966552;;;;0;;;30/01/2026 17:06
Nina Roberts;authorcjroberts@gmail.com;+351910916071;f;;;0;;;30/01/2026 18:24
Vera Lucia;vera-moraes@outlook.com;+351968350724;;;;0;;;26/10/2021 09:02
Sheila da Barca;;;f;;;0;;;02/02/2026 19:05
Laura Senos;Lauramsenos08@gmail.com;+351918411992;f;;8;0;258893761;;03/02/2026 07:02
Lilia;;+351 +351 924 966 531;f;;;0;;;03/02/2026 10:11
Joana Rita Brandao;Brandao92j@gmail.con;+351912383370;f;6;3;1992;;;03/02/2026 12:04
Serenela Antunes;aserenela@gmail.com;+351911968019;f;6;25;1994;241439779;;03/02/2026 15:04
Monica Silva;;+351927826583;f;;;0;;;03/02/2026 16:39
Cristiana Teixeira;cristianateixeira46@hotmail.com;+351939621594;f;;;0;;;04/02/2026 19:40
Cátia Lykhenko;catia.lykhenko@gmail.com;+351963120543;f;7;18;2009;;;05/02/2026 08:26
Ana Raquel Rocha;;914127296;f;;;0;;;05/02/2026 12:58
Marlene Saria;marlene141414@icloud.com;+436644006725;;;;0;;;05/02/2026 18:03
Bruna Taila;;+351910682754;f;;;0;;;05/02/2026 18:38
Lidia Yasmin Pinheiro;;+351920781427;f;;;0;;;06/02/2026 11:38
Ines Santos;dinisgeongina603@gmail.com;+351931934120;f;;;0;;;06/02/2026 16:14
Carolina Gualdron;;+351910325621;f;;;0;;;06/02/2026 17:11
Gu Qing;2767056821@qq.com;+351931375556;;;;0;;;07/02/2026 08:42
alessandra bonvino;alessandra.bonvino.01@gmail.com;+393397405242;;;;0;;;07/02/2026 17:45
joana vilar;joanavilarespanha@gmail.com;+351912431896;f;6;14;1998;;;08/02/2026 15:11
Cristina Marques;cristina.maria.valente.marques@gmail.com;+351916995185;;;;0;;;08/02/2026 18:34
Adriana Caetano;adrianambcaetano@hotmail.com;+351969358919;;;;0;;;02/07/2024 22:37
Margarida Neto;margaridapn.662005@gmail.com;+351917277616;f;6;6;2005;258767510;;09/02/2026 01:15
Miryan Charles;miryan.charles@gmail.com;+351935973181;f;;;0;271869674;;09/02/2026 11:52
Rodrigues Vanina;vaninarodrigues21@ua.pt;+351935466219;;;;0;;;30/05/2024 08:57
Myrane Do;dovalemyrane@gmail.com;+351913432837;;;;0;;;25/07/2023 02:05
Nubia Galvao;gfassessoria.pt@gmail.com;+351937432607;f;;;0;;;09/02/2026 23:26
Viviana Vidal;vdvidal1234@hotmail.com;+351933749269;f;12;28;1999;243992505;;02/04/2025 22:55
Carolina Peixoto;carolinaraqf.p@gmail.com;+351967273138;;;;0;;;16/10/2025 19:48
Mafalda Silva;mafaldahaettichsilva01@gmail.com;+351935387992;f;9;8;2001;274175282;;27/08/2022 02:07
Edivania Silva;;+351939284010;f;;;0;;;10/02/2026 14:05
Sara Silva;sarasilvabasel@hotmail.com;+351926654630;;;;0;;;10/02/2026 18:59
Larissa Carvalho;Salinaodonto@gmail.com;+351931696117;;;;0;;;11/02/2026 15:52
Tanya Sousa;Tanyasousa@hotmail.com;+351915005059;;;;0;231904517;;11/05/2023 01:53
Maria Correia;maria.s.correia2008@gmail.com;+351926943796;f;5;29;2008;;;12/02/2026 09:02
Heloisa Aquino;heloisa.aquinohsa@hotmail.com;+351960344635;;;;0;;;08/04/2025 08:27
Isabelle Valente;isabellevalentec@gmail.com;+351932353986;f;9;25;2000;313446385;;12/02/2026 10:31
Ana  Paula Lima;;+351937640956;f;;;0;;;12/02/2026 10:49
Matilde Vieira;;+351933055585;f;;;0;;;12/02/2026 13:52
Edna Freitas;ednairenemanuel@gmail.com;+351932198474;;;;0;;;12/02/2026 16:13
Irene Oliveira;oliveiranovaesirene@gmail.com;+351929410675;f;7;25;1996;334835232;;12/02/2026 21:40
anabela marques;fabiano.anabela0000@gmail.com;+351923185190;;;;0;;;12/02/2026 21:48
Sara Figueiredo;;+351964120965;f;;;0;;;14/02/2026 10:35
Catarina Rodrigues;catarinasofiafr@gmail.com;+351916540387;;;;0;;;03/12/2025 01:00
Dunja;;;m;;;0;;;15/02/2026 14:22
Nuria Fernandez;nuria.fdez99@gmail.com;+34638665275;f;4;16;1999;;;15/02/2026 18:44
Paula Vilali;paulavilali5@gmail.com;+351928290519;;;;0;;;17/02/2026 20:02
Liliana Paulo;borboleta21lili@gmail.com;+41767437867;;;;0;;;18/02/2026 17:23
Andreia Santos;;+351938209556;;;;0;;;19/02/2026 11:04
Lucia Serrano;;+34685261910;f;;;0;;;19/02/2026 11:47
Vitoria Queiroz;vm_queiroz@hotmail.com;+351966355289;;;;0;;;19/02/2026 17:07
Lucia Naia;lucia.naia@hotmail.com;+351914207951;f;8;6;1964;189996196;;19/02/2026 17:54
Manuela Alvez;manuela.alves2009@live.com.pt;+351914601296;f;;;0;;;21/12/2021 21:27
Diana Isabel Pereira Bento;dianabento56@gmail.com;+351917404436;f;11;21;2006;;;30/01/2025 10:57
beatriz matos;beatrizmmdematos@gmail.com;+351933870876;f;1;27;1995;253606608;;26/10/2021 20:32
Nathalya ;Nathalya1@outlook.pt;+351934141341;f;11;20;0;;;20/11/2023 12:34
Giulianna Thibes;giuliannathibes10@gmail.com;+351927972007;f;10;22;2000;324201788;;20/02/2026 20:30
Vanessa Tanko;Vanessatanko9@gmail.com;+351961133386;;;;0;;;21/02/2026 01:58
Beatriz Barbosa;beatrizabarbosa08@gmail.com;+351939430612;f;11;8;2006;;;09/07/2024 12:34
Odair Fabio;;+351936429839;m;;;0;;;21/02/2026 15:56
Yesika Agrela;Yesikagrela@hotmail.com;+35197023815258;;;;0;;;22/02/2026 12:16
Anna Maris;Aartmaris@gmail.com;+31613606275;;;;0;;;22/02/2026 12:45
Julia Hoff;jm.hoff@student.avans.nl;+31639037266;;;;0;;;22/02/2026 12:51
Maya Marques;mayasantosmarques@gmail.com;+35192525193;f;6;24;2008;;;03/05/2024 18:24
Guiselle llavali;;+351915628361;f;;;0;;;23/02/2026 12:20
Eliana Ferreira;Elianaferreira925@gmail.com;+33661023405;;;;0;;;23/02/2026 12:35
Saphi Baechle;;+4367762190285;f;;;0;;;23/02/2026 14:13
sofia vas;sofiavas@sapo.pt;+351914039164;f;;;0;219595720;;23/02/2026 14:40
Godeliva Hanjam;hgodeliva@gmail.com;+351930504423;f;5;19;1998;;;30/01/2024 11:11
Livia Rincon;Soyliviarincon@gmail.com;+351968019118;m;;;0;;;11/03/2025 16:20
Katia Mauricio;kmauricio13@gmail.com;+351912188410;f;4;13;1992;;;27/06/2022 15:27
Ines santos matos;;+351963697728;f;;;0;;;24/02/2026 18:10
Filipa Tavares;filipatavares1316@gmail.com;+351913346224;f;4;24;2002;;;24/02/2026 23:31
Rita Espindola;rita2011espindola@gmail.com;+351912406770;f;7;4;2001;249012715;;02/12/2025 21:32
stephanie de;Stephanie.de.pelsmaeker@gmail.com;+351912909351;;;;0;;;08/07/2024 22:07
Lara Sousa;larabalieiro7@gmail.com;+351937020988;;;;0;;;10/08/2025 13:48
Ana Neves;aritadasneves@gmail.com;+351918613756;;;;0;;;10/11/2025 13:55
melissa suarez;;+351929406261;f;;;0;;;27/02/2026 13:51
Alessia Chirico;alessiadpg777@gmail.com;+393663027101;;;;0;;;27/02/2026 13:51
Sara Anzalone;sara.anzalone894@gmail.com;;;;;0;;;27/02/2026 13:51
Angela Gaspar;angelagaspar2000@gmail.com;+351912374014;f;;;0;261468634;;28/02/2026 15:09
Lena Polyvyannaya;Lpoly@hotmail.com;+351922002905;;;;0;;;28/02/2026 19:59
Maria Portugal;Mjpdias23@gmail.com;+351918629983;;;;0;;;01/03/2026 16:21
Silvia Nunes;Silvia.ferreira.illertissen@gmail.com;+4915237205212;;;;0;;;01/03/2026 20:30
Lara Capela;laralocapela@gmail.com;+351964470156;;;;0;;;01/03/2026 21:03
Júlia Sant?anna;juliasantanna084@gmail.com;+351913128826;;;;0;334141575;;02/03/2026 09:51
ana mesquita;caroline.buenomesquita@gmail.com;+351916002577;;;;0;328010650;;01/04/2025 13:11
catarina antunes;;+351926703624;m;;;0;;;02/03/2026 13:50
Leonor Santos pereira;;+351910534270;f;;;0;;;02/03/2026 14:14
Alana Lopes;;+351932188655;f;;;0;;;02/03/2026 15:07
Karine Mello;Kmello684@gmail.com;+351961875743;f;10;18;2001;;;02/03/2026 20:12
zahra harabi;Zazaharabiza@gmail.com;+447549295282;;;;0;;;12/07/2025 00:49
Jai Morris;;+13018141391;f;;;0;;;04/03/2026 13:47
Vânia Rocha;Vanis_rocha@hotmail.com;+351917093102;;;;0;;;02/03/2025 22:47
Catarina Piskhchyk;catarina200301@gmail.com;+351936778207;f;1;12;2003;;;05/03/2026 12:15
Marlene Saria;marlene.saria@icloud.com;+436644006725;;;;0;;;05/03/2026 12:52
catarina Maçarico;catarina.macarico@gmail.com;+351918613627;f;3;26;1999;258521708;;26/11/2024 11:12
Melissa Vélez;meli09661@gmail.com;+351911880633;;;;0;;;06/03/2026 15:39
Fátima Ferrer;mfatimaferrer@gmail.com;+351933823974;;;;0;;;08/03/2026 15:20
Mariana Bernardo;marianarmbernardo@gmail.com;+351912817645;;;;0;;;09/03/2026 14:49
Justina Karciauskaite;;+37061248505;f;;;0;;;09/03/2026 15:00
Mariela Andrade;;+351937189346;f;;;0;;;09/03/2026 18:59
Joana Amaral;joanaamaral81@gmail.com;+351915213666;;;;0;;;09/03/2026 22:24
Andrieli Batista da silva;;+351910194137;f;;;0;;;10/03/2026 16:25
Ronisia bom;ronisiaceita4@gmail.com;+351925919083;;;;0;;;10/03/2026 18:33
Solange Silva;Solangewassolua.ss@gmail.com;+351931479335;;;;0;;não foi atendida por presentar um fungo  grave con unha partida no dedo pulgar da mão esquerda;10/03/2026 20:06
Carlos Granado;;+351923120791;m;;;0;;;11/03/2026 10:27
Bruna Merendeiro;merendeirobuna@gmail.com;+351910407322;;;;0;;;11/03/2026 12:33
Camile Veloso;camilemayara94@gmail.com;+351910230470;;;;0;;;22/08/2022 13:15
Mariana Sacchetti;marianasac8@gmail.com;+351966492153;;;;0;;;29/10/2025 17:19
Luciana;;+351910287247;f;;;0;;;14/03/2026 12:07
Angeles Ascanio;AngelesVeS07@gmail.com;+351931186965;;;;0;;;14/03/2026 12:47
Amelie Seidel;ame.seidel@googlemail.com;+4915730188155;;;;0;;;14/03/2026 13:46
Patricia Soares;psnpatriciasnascimento@gmail.com;+351921466332;;;;0;;;15/03/2026 11:36
Hany Dos Santos;hanyfotografia@gmail.com;+351928279293;f;12;9;1998;;;16/03/2026 11:27
Hadassa batista;;+351932331131;f;;;0;;;16/03/2026 17:06
Regina Goossen;regina.goossen@gmail.com;+31623095316;;;;0;;;16/03/2026 22:33
Rita Pereira;ritapqtt@gmail.com;+351913747293;;;;0;;;05/07/2023 12:15
Ingrid;;;m;;;0;;;17/03/2026 13:38
Leticia Silva;leticia.andreia.silva6@gmail.com;+351916038561;;;;0;224332112;;24/11/2020 15:29
Tuba Göç;goctuba@gmail.com;+351935034034;;;;0;;;18/03/2026 16:00
Inês Silva;inescordeirosilva7@gmail.com;+351924051130;;;;0;;;22/06/2025 12:35
Celeste Almeida;celestea120@gmail.com;+351915710488;;;;0;243928777;;16/10/2025 10:25
Clara Pinto;;+351961354373;f;;;0;;;19/03/2026 16:37
